,Name,Price,Badge,Image
0, Classmate Blue Ink Gel Pen,₹5.00,,https://assets-mkpbg.gem.gov.in/img/othe/6474808/a8/99/whatsappimage20230505at12.13.09pm.jpeg.5bdda9a899.999x150x150.jpg
1, rorito Blue Ink Gel Pen,₹5.00,4.0 - 4.49,https://assets-mkpbg.gem.gov.in/img/othe/4065364/f5/ae/gel.blue.pen.rortio.1.jpeg.9341b9f5ae.999x150x150.jpg
2, Pentel Blue Ink Gel Pen,₹5.00,4.5 - 5.0,https://assets-mkpbg.gem.gov.in/img/othe/5482356/3d/e9/d.jpg.572e953de9.999x150x150.jpg
3, unomax Blue Ink Gel Pen,₹6.00,4.5 - 5.0,https://assets-mkpbg.gem.gov.in/img/othe/5518684/ec/46/img20220727wa0006.jpg.6a7c70ec46.999x150x150.jpg
4, Pentel Blue Ink Gel Pen,₹8.00,4.5 - 5.0,https://assets-mkpbg.gem.gov.in/img/othe/5482356/3d/e9/v.jpg.572e953de9.999x150x150.jpg
5, Flair Blue Ink Gel Pen,₹8.00,4.5 - 5.0,https://assets-mkpbg.gem.gov.in/img/othe/5482356/04/cc/9630.jpeg.201fe804cc.999x150x150.jpg
6, kores Blue Ink Gel Pen,₹9.50,4.5 - 5.0,https://assets-mkpbg.gem.gov.in/img/othe/7500717/9c/3f/gelpenpremium1.jpg.20b6149c3f.999x150x150.jpg
7, LINC Blue Ink Gel Pen,₹9.85,4.5 - 5.0,https://assets-mkpbg.gem.gov.in/img/othe/3518218/e0/a1/2.jpeg.c68685e0a1.999x150x150.jpg
8, Flair Blue Ink Gel Pen,₹9.95,4.5 - 5.0,https://assets-mkpbg.gem.gov.in/img/othe/5482356/04/cc/123.jpg.201fe804cc.999x150x150.jpg
9, LINC Blue Ink Gel Pen,₹9.99,4.0 - 4.49,https://assets-mkpbg.gem.gov.in/img/othe/3518218/e0/a1/2.jpeg.c68685e0a1.999x150x150.jpg
10, Flair Blue Ink Gel Pen,₹10.00,4.5 - 5.0,https://assets-mkpbg.gem.gov.in/img/othe/5156825/9f/e0/sdflr0016800.png.3820d09fe0.999x150x150.jpg
11, rorito Blue Ink Gel Pen,₹25.00,,https://assets-mkpbg.gem.gov.in/img/othe/7557720/f5/0b/oo.jpg.870f91f50b.999x150x150.jpg
12, Reynolds Red Ink Gel Pen,₹5.00,4.0 - 4.49,https://assets-mkpbg.gem.gov.in/img/othe/8747476/56/2b/c.jpg.deb3c1562b.999x150x150.jpg
13, LINC Blue Ink Gel Pen,₹5.00,4.5 - 5.0,https://assets-mkpbg.gem.gov.in/img/othe/4034732/39/00/whatsappimage20221111at15.41.16.jpeg.ed0f613900.999x150x150.jpg
14, unomax Blue Ink Gel Pen,₹5.00,4.5 - 5.0,https://assets-mkpbg.gem.gov.in/img/othe/5047665/ad/5a/61pfwjxodl.sl1280.jpg.524b8ead5a.999x150x150.jpg
15, Reynolds Green Ink Gel Pen,₹6.50,4.5 - 5.0,https://assets-mkpbg.gem.gov.in/img/othe/6250457/ad/c0/racergreen1.jpg.a20d76adc0.999x150x150.jpg
16, LINC Blue Ink Gel Pen,₹7.00,4.5 - 5.0,https://assets-mkpbg.gem.gov.in/img/othe/4862624/0c/6d/1.jpg.b2aea60c6d.999x150x150.jpg
17, Pentel Black Ink Gel Pen,₹7.00,4.5 - 5.0,https://assets-mkpbg.gem.gov.in/img/othe/5482356/3d/e9/7.jpg.572e953de9.999x150x150.jpg
18, unomax Blue Ink Gel Pen,₹7.00,4.5 - 5.0,https://assets-mkpbg.gem.gov.in/img/othe/0860702/92/e2/ugp1.jpg.d5b15c92e2.999x150x150.jpg
19, ADD GEL Blue Ink Gel Pen,₹7.00,,https://assets-mkpbg.gem.gov.in/img/othe/4303542/79/40/addgelachiever1.jpg.8c44e47c2f.999x420x4202.jpg.540e4b7940.999x150x150.jpg
20, Pentel Blue Ink Gel Pen,₹8.77,4.5 - 5.0,https://assets-mkpbg.gem.gov.in/img/othe/1256562/78/e4/3.jpg.19d7a178e4.999x150x150.jpg
21, Cello Blue Ink Gel Pen,₹9.00,4.5 - 5.0,https://assets-mkpbg.gem.gov.in/img/othe/8153550/f1/77/fef6da5d2e7b4e53a7f399661991d4c2.jpeg.bbd289f177.999x150x150.jpg
22, LINC Blue Ink Gel Pen,₹9.00,4.0 - 4.49,https://assets-mkpbg.gem.gov.in/img/othe/8504862/1d/49/lincbluecopy2.jpg.31e82a1d49.999x150x150.jpg
23, Reynolds Blue Ink Gel Pen,₹9.99,4.5 - 5.0,https://assets-mkpbg.gem.gov.in/img/othe/7356272/2d/c9/1.jpg.b2f5a72dc9.999x150x150.jpg
24, LINC Blue Ink Gel Pen,₹5.00,4.5 - 5.0,https://assets-mkpbg.gem.gov.in/img/othe/7628203/e0/a1/2copy2.jpeg.c68685e0a1.999x150x150.jpg
25, unomax Blue Ink Gel Pen,₹5.00,4.5 - 5.0,https://assets-mkpbg.gem.gov.in/img/othe/1104420/ab/d2/d450c9dccbf84848a6d4db555064ea17.jpg.518aadabd2.999x150x150.jpg
26, Reynolds Blue Ink Gel Pen,₹5.00,,https://assets-mkpbg.gem.gov.in/img/othe/3687088/8e/4c/gg1.jpeg.4f0c548e4c.999x150x150.jpg
27, Natraj Black Ink Gel Pen,₹5.00,4.5 - 5.0,https://assets-mkpbg.gem.gov.in/img/othe/3134666/00/a6/gelixgel1.jpg.4936ca00a6.999x150x150.jpg
28, LINC Blue Ink Gel Pen,₹5.10,4.0 - 4.49,https://assets-mkpbg.gem.gov.in/img/othe/4303542/26/3a/lincexecutivegelpen2.jpg.6b9178263a.999x150x150.jpg
29, Pentel Blue Ink Gel Pen,₹7.00,4.5 - 5.0,https://assets-mkpbg.gem.gov.in/img/othe/5482356/3d/e9/j.jpg.572e953de9.999x150x150.jpg
30, rorito Red Ink Gel Pen,₹8.95,4.0 - 4.49,https://assets-mkpbg.gem.gov.in/img/othe/6250457/d1/d2/roritoflyred1.jpg.50a029d1d2.999x150x150.jpg
31, rorito Black Ink Gel Pen,₹9.42,4.0 - 4.49,https://assets-mkpbg.gem.gov.in/img/othe/1104020/06/cb/sdrto0009300.png.9ab14906cb.999x150x150.jpg
32, Pentel Blue Ink Gel Pen,₹9.95,4.0 - 4.49,https://assets-mkpbg.gem.gov.in/img/othe/1256562/78/e4/2.jpg.19d7a178e4.999x150x150.jpg
33, Pentel Black Ink Gel Pen,₹9.99,4.5 - 5.0,https://assets-mkpbg.gem.gov.in/img/othe/5482356/3d/e9/k.jpg.572e953de9.999x150x150.jpg
34, Flair Blue Ink Gel Pen,₹9.99,4.0 - 4.49,https://assets-mkpbg.gem.gov.in/img/othe/5482356/04/cc/4564.jpeg.201fe804cc.999x150x150.jpg
35, HAUSER Blue Ink Gel Pen,₹12.00,4.5 - 5.0,https://assets-mkpbg.gem.gov.in/img/othe/5122273/55/77/whatsappimage20230515at4.14.28pm2.jpeg.7c35875577.999x150x150.jpg
36, Natraj Blue Ink Gel Pen,₹5.00,4.0 - 4.49,https://assets-mkpbg.gem.gov.in/img/othe/2707604/4c/a0/1.jpg.c944244ca0.999x150x150.jpg
37, Flair Red Ink Gel Pen,₹5.00,4.5 - 5.0,https://assets-mkpbg.gem.gov.in/img/othe/6474808/1c/1c/whatsappimage20230505at11.41.52am.jpeg.e601441c1c.999x150x150.jpg
38, Pentel Red Ink Gel Pen,₹5.00,4.5 - 5.0,https://assets-mkpbg.gem.gov.in/img/othe/5482356/3d/e9/e.jpg.572e953de9.999x150x150.jpg
39, Flair Blue Ink Gel Pen,₹5.00,4.5 - 5.0,https://assets-mkpbg.gem.gov.in/img/othe/5805548/15/1a/whatsappimage20220916at9.44.39am.jpeg.436d7c151a.999x150x150.jpg
40, Classmate Black Ink Gel Pen,₹6.98,4.0 - 4.49,https://assets-mkpbg.gem.gov.in/img/othe/3518218/cf/47/img20230721112621.jpg.7f2ce2cf47.999x150x150.jpg
41, Pentel Blue Ink Gel Pen,₹7.00,4.5 - 5.0,https://assets-mkpbg.gem.gov.in/img/othe/1256562/78/e4/3.jpg.19d7a178e4.999x150x150.jpg
42, Pentel Blue Ink Gel Pen,₹9.00,4.5 - 5.0,https://assets-mkpbg.gem.gov.in/img/othe/1256562/78/e4/2.jpg.19d7a178e4.999x150x150.jpg
43, Pentel Blue Ink Gel Pen,₹9.91,,https://assets-mkpbg.gem.gov.in/img/othe/6420236/cb/8a/tgfg.jpg.5dee40cb8a.999x150x150.jpg
44, LINC Blue Ink Gel Pen,₹9.99,4.5 - 5.0,https://assets-mkpbg.gem.gov.in/img/othe/7628203/e0/a1/2.jpeg.c68685e0a1.999x150x150.jpg
45, Reynolds Blue Ink Gel Pen,₹10.00,4.5 - 5.0,https://assets-mkpbg.gem.gov.in/img/othe/7356272/10/9c/1.jpg.32c7f1109c.999x150x150.jpg
46, Reynolds Blue Ink Gel Pen,₹10.00,4.5 - 5.0,https://assets-mkpbg.gem.gov.in/img/othe/3346784/73/b8/penr1.jpeg.13b7bb73b8.999x150x150.jpg
47, DAYAL Blue Ink Gel Pen,₹10.00,4.5 - 5.0,https://assets-mkpbg.gem.gov.in/img/othe/3582401/f0/8c/whatsappimage20230620at19.39.091.jpeg.5d767af08c.999x150x150.jpg
48, rorito Blue Ink Gel Pen,₹5.00,4.0 - 4.49,https://assets-mkpbg.gem.gov.in/img/othe/0832635/08/6b/15487.jpeg.f5a2b9086b.999x150x150.jpg
49, Pentel Blue Ink Gel Pen,₹5.00,4.5 - 5.0,https://assets-mkpbg.gem.gov.in/img/othe/1256562/3d/e9/pentelenergel07mmgelrollerpenblue.jpg.ea71d843cd.999x420x420.jpg.572e953de9.999x150x150.jpg
50, HAUSER Green Ink Gel Pen,₹5.00,4.5 - 5.0,https://assets-mkpbg.gem.gov.in/img/othe/0012667/a4/94/12.jpg.dab5f9a494.999x150x150.jpg
51, Flair Blue Ink Gel Pen,₹5.50,4.5 - 5.0,https://assets-mkpbg.gem.gov.in/img/othe/5482356/04/cc/4564.jpeg.201fe804cc.999x150x150.jpg
52, Natraj Blue Ink Gel Pen,₹5.50,4.5 - 5.0,https://assets-mkpbg.gem.gov.in/img/othe/1600334/2d/85/gelpen11.jpeg.0ae0272d85.999x150x150.jpg
53, Reynolds Red Ink Gel Pen,₹6.50,4.5 - 5.0,https://assets-mkpbg.gem.gov.in/img/othe/6250457/06/8b/racerred1.jpg.da7204068b.999x150x150.jpg
54, HAUSER Blue Ink Gel Pen,₹7.00,4.5 - 5.0,https://assets-mkpbg.gem.gov.in/img/othe/0012667/63/bd/3.jpg.db6b5b63bd.999x150x150.jpg
55, Flair Blue Ink Gel Pen,₹8.78,,https://assets-mkpbg.gem.gov.in/img/othe/5482356/04/cc/a.jpeg.201fe804cc.999x150x150.jpg
56, HAUSER Black Ink Gel Pen,₹8.98,4.5 - 5.0,https://assets-mkpbg.gem.gov.in/img/othe/0012667/bc/50/6.jpg.cd94e8bc50.999x150x150.jpg
57, Flair Black Ink Gel Pen,₹9.00,4.0 - 4.49,https://assets-mkpbg.gem.gov.in/img/othe/5156825/17/90/writometerjumboset1.jpg.f08ea01790.999x150x150.jpg
58, kores Blue Ink Gel Pen,₹10.00,4.5 - 5.0,https://assets-mkpbg.gem.gov.in/img/othe/8172234/3e/62/1pc.jpg.781c6b3e62.999x150x150.jpg
59, Reynolds Black Ink Gel Pen,₹20.00,4.5 - 5.0,https://assets-mkpbg.gem.gov.in/img/othe/3435303/77/60/trimaxblackpen.jpg.8d53ff7760.999x150x150.jpg
60, Flair Blue Ink Gel Pen,₹5.00,4.5 - 5.0,https://assets-mkpbg.gem.gov.in/img/othe/1255834/9c/8d/untitleddesign5.png.c2ee599c8d.999x150x150.jpg
61, Flair Blue Ink Gel Pen,₹5.00,4.5 - 5.0,https://assets-mkpbg.gem.gov.in/img/othe/1238255/27/51/flairyologelopen.jpg.4b26d22751.999x150x150.jpg
62, Classmate Blue Ink Gel Pen,₹7.00,4.0 - 4.49,https://assets-mkpbg.gem.gov.in/img/othe/0512187/a2/6c/gelpen500x5001.jpg.02ee89a26c.999x150x150.jpg
63, Flair Black Ink Gel Pen,₹7.90,4.5 - 5.0,https://assets-mkpbg.gem.gov.in/img/othe/3053111/93/18/65.jpg.af07fb9318.999x150x150.jpg
64, Flair Blue Ink Gel Pen,₹8.75,4.5 - 5.0,https://assets-mkpbg.gem.gov.in/img/othe/5482356/04/cc/1230.jpeg.201fe804cc.999x150x150.jpg
65, Pentel Blue Ink Gel Pen,₹8.99,4.0 - 4.49,https://assets-mkpbg.gem.gov.in/img/othe/5482356/43/cd/pentelenergel07mmgelrollerpenblue.jpg.ea71d843cd.999x150x150.jpg
66, Pentel Blue Ink Gel Pen,₹9.46,4.5 - 5.0,https://assets-mkpbg.gem.gov.in/img/othe/5482356/3d/e9/e.jpg.572e953de9.999x150x150.jpg
67, Reynolds Blue Ink Gel Pen,₹9.90,4.5 - 5.0,https://assets-mkpbg.gem.gov.in/img/othe/1151471/68/40/pen.jpg.dd1f5c6840.999x150x150.jpg
68, Flair Blue Ink Gel Pen,₹9.95,4.5 - 5.0,https://assets-mkpbg.gem.gov.in/img/othe/5482356/04/cc/5252.jpeg.201fe804cc.999x150x150.jpg
69, Unbranded Blue Ink Gel Pen,₹9.99,4.5 - 5.0,https://assets-mkpbg.gem.gov.in/img/othe/4143338/80/ec/pena.jpg.80765980ec.999x150x150.jpg
70, Flair Blue Ink Gel Pen,₹10.00,4.5 - 5.0,https://assets-mkpbg.gem.gov.in/img/othe/5482356/04/cc/789.jpeg.201fe804cc.999x150x150.jpg
71, Uniball Blue Ink Gel Pen,₹12.00,4.5 - 5.0,https://assets-mkpbg.gem.gov.in/img/othe/0755223/d8/1c/uniballgelimpactpenum153s.jpg.34eb76d81c.999x150x150.jpg
72, Reynolds Black Ink Gel Pen,₹5.00,4.5 - 5.0,https://assets-mkpbg.gem.gov.in/img/othe/2278882/66/f5/51copy2.jpg.7dd22966f5.999x150x150.jpg
73, LINC Blue Ink Gel Pen,₹5.00,4.5 - 5.0,https://assets-mkpbg.gem.gov.in/img/othe/0488443/b8/93/31m8eolnlul.jpg.eea765b893.999x150x150.jpg
74, Reynolds Black Ink Gel Pen,₹5.00,4.0 - 4.49,https://assets-mkpbg.gem.gov.in/img/othe/5156825/56/00/7.jpg.f5714c2c01.999x420x420.jpg.3e83bb5600.999x150x150.jpg
75, Luxor Black Ink Gel Pen,₹5.25,4.5 - 5.0,https://assets-mkpbg.gem.gov.in/img/othe/5482356/1d/df/luxorpilotwhitepenpacksdl0243557231f4c5b1.jpg.9adcb71ddf.999x150x150.jpg
76, HAUSER Blue Ink Gel Pen,₹7.00,4.5 - 5.0,https://assets-mkpbg.gem.gov.in/img/othe/1255834/b0/79/untitleddesign1.png.258874b079.999x150x150.jpg
77, HAUSER Blue Ink Gel Pen,₹7.00,4.0 - 4.49,https://assets-mkpbg.gem.gov.in/img/othe/5825641/7d/8b/hauseractivegelpen6.jpg.e1336c7d8b.999x150x150.jpg
78, classmate octane  Blue Ink Gel Pen,₹7.00,4.5 - 5.0,https://assets-mkpbg.gem.gov.in/img/othe/4560286/c7/8e/1.jpg.dfa7ffc78e.999x150x150.jpg
79, Flair Blue Ink Gel Pen,₹9.50,4.5 - 5.0,https://assets-mkpbg.gem.gov.in/img/othe/3053111/77/8e/flairwritometergelpena.jpg.909fc4778e.999x150x150.jpg
80, Uniball Blue Ink Gel Pen,₹10.00,4.0 - 4.49,https://assets-mkpbg.gem.gov.in/img/othe/7200420/04/e0/hhhh.jpg.bd9ef904e0.999x150x150.jpg
81, Uniball Blue Ink Gel Pen,₹10.00,4.5 - 5.0,https://assets-mkpbg.gem.gov.in/img/othe/8507815/38/99/pen1.jpg.46c6d33899.999x150x150.jpg
82, Luxor Blue Ink Gel Pen,₹10.00,4.0 - 4.49,https://assets-mkpbg.gem.gov.in/img/othe/4513000/8a/af/pilotpen4.jpg.df39b68aaf.999x150x150.jpg
83, Luxor Blue Ink Gel Pen,₹10.00,4.5 - 5.0,https://assets-mkpbg.gem.gov.in/img/othe/4513000/2f/dc/v73.jpeg.c7efda2fdc.999x150x150.jpg
84, Reynolds Black Ink Gel Pen,₹9.60,4.5 - 5.0,https://assets-mkpbg.gem.gov.in/img/othe/3518218/89/8f/img20230306101459copy.jpg.0e8f36898f.999x150x150.jpg
85, Luxor Blue Ink Gel Pen,₹10.00,4.5 - 5.0,https://assets-mkpbg.gem.gov.in/img/othe/5482356/78/e9/luxorwhitepilotpenpacksdl13153848117afc7.jpg.31cfd778e9.999x150x150.jpg
86, Pilot Black Ink Gel Pen,₹10.00,4.5 - 5.0,https://assets-mkpbg.gem.gov.in/img/othe/2412051/d4/69/whatsappimage20231116at5.00.43pm.jpeg.40fde9d469.999x150x150.jpg
87, Pilot Black Ink Gel Pen,₹10.00,,https://assets-mkpbg.gem.gov.in/img/othe/5482356/78/e9/luxorwhitepilotpenpacksdl13153848117afc7.jpg.31cfd778e9.999x150x150.jpg
88, Pilot Blue Ink Gel Pen,₹10.00,4.5 - 5.0,https://assets-mkpbg.gem.gov.in/img/othe/1256562/52/3c/00.5.jpg.fa9c78523c.999x150x150.jpg
89, Reynolds Blue Ink Gel Pen,₹10.00,4.5 - 5.0,https://assets-mkpbg.gem.gov.in/img/othe/1461715/d6/c1/tyu.jpg.1664b0d6c1.999x150x150.jpg
90, Reynolds Green Ink Gel Pen,₹10.00,4.0 - 4.49,https://assets-mkpbg.gem.gov.in/img/othe/4223687/c0/46/71nwhe8l83l.sl1500.jpg.8ed971c046.999x150x150.jpg
91, Reynolds Blue Ink Gel Pen,₹10.00,4.5 - 5.0,https://assets-mkpbg.gem.gov.in/img/othe/2551871/b2/c1/h11.jpg.0a7976b2c1.999x150x150.jpg
92, Uniball Blue Ink Gel Pen,₹10.00,4.0 - 4.49,https://assets-mkpbg.gem.gov.in/img/othe/5451455/57/97/uniballg.jpg.06ded55797.999x150x150.jpg
93, Pilot Blue Ink Gel Pen,₹20.00,4.0 - 4.49,https://assets-mkpbg.gem.gov.in/img/othe/1340552/a0/79/pen001.jpg.0dc3e7a079.999x150x150.jpg
94, Luxor Blue Ink Gel Pen,₹34.99,4.0 - 4.49,https://assets-mkpbg.gem.gov.in/img/othe/1256562/52/3c/luxorpilot0.5refillpen1.jpg.fa9c78523c.999x150x150.jpg
95, Pilot Blue Ink Gel Pen,₹40.00,4.5 - 5.0,https://assets-mkpbg.gem.gov.in/img/othe/2412051/ca/94/whatsappimage20231116at5.00.41pm.jpeg.1cf26fca94.999x150x150.jpg
96, PENTONIC Black Ink Gel Pen,₹5.00,,https://assets-mkpbg.gem.gov.in/img/othe/6030251/c0/2f/ppen3.jpeg.e84485c02f.999x150x150.jpg
97, PENTONIC Blue Ink Gel Pen,₹5.00,4.0 - 4.49,https://assets-mkpbg.gem.gov.in/img/othe/6030251/34/46/ppen1.jpeg.033e083446.999x150x150.jpg
98, LINC Black Ink Gel Pen,₹5.00,4.5 - 5.0,https://assets-mkpbg.gem.gov.in/img/othe/2102572/61/63/1.jpg.f8b0ab6163.999x150x150.jpg
99, Reynolds Black Ink Gel Pen,₹5.00,4.0 - 4.49,https://assets-mkpbg.gem.gov.in/img/othe/0012667/2c/01/7.jpg.f5714c2c01.999x150x150.jpg
100, Reynolds Blue Ink Gel Pen,₹5.00,4.5 - 5.0,https://assets-mkpbg.gem.gov.in/img/othe/8446381/44/d8/1.jpg.3e016a32b1.999x420x420.jpg.bbb85144d8.999x150x150.jpg
101, Reynolds Blue Ink Gel Pen,₹5.00,4.5 - 5.0,https://assets-mkpbg.gem.gov.in/img/othe/6174306/64/cf/racer1.jpg.77062064cf.999x150x150.jpg
102, Reynolds Blue Ink Gel Pen,₹6.00,4.5 - 5.0,https://assets-mkpbg.gem.gov.in/img/othe/5334075/c1/0c/f1.jpg.76dea5c10c.999x150x150.jpg
103, Reynolds Black Ink Gel Pen,₹6.00,4.5 - 5.0,https://assets-mkpbg.gem.gov.in/img/othe/6250457/fe/44/racerblack1.jpg.0b0a38fe44.999x150x150.jpg
104, PENTONIC Blue Ink Gel Pen,₹7.62,4.0 - 4.49,https://assets-mkpbg.gem.gov.in/img/othe/2146355/b6/50/img20230228101911.jpg.d9fc30b650.999x150x150.jpg
105, PENTONIC Blue Ink Gel Pen,₹7.76,4.0 - 4.49,https://assets-mkpbg.gem.gov.in/img/othe/6474808/a6/2e/whatsappimage20230917at1.30.33pm.jpeg.e07db4a62e.999x150x150.jpg
106, rorito Blue Ink Gel Pen,₹7.99,4.0 - 4.49,https://assets-mkpbg.gem.gov.in/img/othe/0860702/4d/74/fmgp2.jpg.fe8b604d74.999x150x150.jpg
107, Uniball Blue Ink Gel Pen,₹10.00,4.0 - 4.49,https://assets-mkpbg.gem.gov.in/img/othe/3776656/e7/7a/1.jpg.24d89be77a.999x150x150.jpg
108, Reynolds Red Ink Gel Pen,₹5.00,4.0 - 4.49,https://assets-mkpbg.gem.gov.in/img/othe/5156825/c1/d3/4.jpg.d777603b51.999x420x420.jpg.b30df0c1d3.999x150x150.jpg
109, PENTONIC Blue Ink Gel Pen,₹5.00,4.5 - 5.0,https://assets-mkpbg.gem.gov.in/img/othe/1255753/b2/ce/20221119181032.jpg.d68fafb2ce.999x150x150.jpg
110, Reynolds Blue Ink Gel Pen,₹5.00,4.0 - 4.49,https://assets-mkpbg.gem.gov.in/img/othe/3518218/8c/42/2.jpg.0a064c8c42.999x150x150.jpg
111, Reynolds Blue Ink Gel Pen,₹6.00,4.5 - 5.0,https://assets-mkpbg.gem.gov.in/img/othe/7356272/c1/0c/1.jpg.76dea5c10c.999x150x150.jpg
112, Classmate Green Ink Gel Pen,₹6.98,4.0 - 4.49,https://assets-mkpbg.gem.gov.in/img/othe/0368754/dd/27/download1.jpg.ee2c14dd27.999x150x150.jpg
113, Reynolds Blue Ink Gel Pen,₹7.00,4.5 - 5.0,https://assets-mkpbg.gem.gov.in/img/othe/3518218/8c/42/2.jpg.0a064c8c42.999x150x150.jpg
114, Classmate Red Ink Gel Pen,₹7.00,4.0 - 4.49,https://assets-mkpbg.gem.gov.in/img/othe/3518218/d0/b7/img20230721112516.jpg.586a75d0b7.999x150x150.jpg
115, PENTONIC Blue Ink Gel Pen,₹7.57,4.0 - 4.49,https://assets-mkpbg.gem.gov.in/img/othe/6474808/20/ff/whatsappimage20230905at4.29.19pm.jpeg.8a51cf20ff.999x150x150.jpg
116, kores Blue Ink Gel Pen,₹8.00,4.0 - 4.49,https://assets-mkpbg.gem.gov.in/img/othe/7500717/9c/3f/gelpenpremium1.jpg.20b6149c3f.999x150x150.jpg
117, Pilot Blue Ink Gel Pen,₹10.00,4.0 - 4.49,https://assets-mkpbg.gem.gov.in/img/othe/5482356/78/e9/luxorwhitepilotpenpacksdl13153848117afc7.jpg.31cfd778e9.999x150x150.jpg
118, Reynolds Blue Ink Gel Pen,₹12.90,4.5 - 5.0,https://assets-mkpbg.gem.gov.in/img/othe/6284718/c3/e7/reynoldstrimax500x500.png.ab3308c3e7.999x150x150.jpg
119, Reynolds Blue Ink Gel Pen,₹20.00,4.5 - 5.0,https://assets-mkpbg.gem.gov.in/img/othe/7377117/24/52/trimax.jpg.83ba862452.999x150x150.jpg
120, LINC Blue Ink Gel Pen,₹5.00,3.5 - 3.99,https://assets-mkpbg.gem.gov.in/img/othe/1543026/7b/e4/frontviewofgelpen.jpg.4e497e7be4.999x150x150.jpg
121, Flair Blue Ink Gel Pen,₹5.00,4.5 - 5.0,https://assets-mkpbg.gem.gov.in/img/othe/5156825/ad/14/capture.png.aa71f5ad14.999x150x150.jpg
122, classmate octane  Blue Ink Gel Pen,₹6.98,4.0 - 4.49,https://assets-mkpbg.gem.gov.in/img/othe/7636871/65/88/octane.2.jpeg.5fe0e06588.999x150x150.jpg
123, Classmate Black Ink Gel Pen,₹7.00,4.0 - 4.49,https://assets-mkpbg.gem.gov.in/img/othe/2423215/f9/9c/gpb1.png.16dd7ef99c.999x150x150.jpg
124, Classmate Red Ink Gel Pen,₹7.50,4.5 - 5.0,https://assets-mkpbg.gem.gov.in/img/othe/3518218/d0/b7/img20230721112516copy.jpg.586a75d0b7.999x150x150.jpg
125, LINC Red Ink Gel Pen,₹7.69,4.0 - 4.49,https://assets-mkpbg.gem.gov.in/img/othe/0012667/52/97/7.jpg.0e032d5297.999x150x150.jpg
126, rorito Blue Ink Gel Pen,₹8.43,4.0 - 4.49,https://assets-mkpbg.gem.gov.in/img/othe/0860702/e9/c4/rbgp1.jpg.142764e9c4.999x150x150.jpg
127, ADD GEL Blue Ink Gel Pen,₹9.00,4.5 - 5.0,https://assets-mkpbg.gem.gov.in/img/othe/4428628/62/ee/101.jpg.0eb9ff62ee.999x150x150.jpg
128, Uniball Blue Ink Gel Pen,₹9.70,4.5 - 5.0,https://assets-mkpbg.gem.gov.in/img/othe/1340552/65/42/pen111.jpg.2d50706542.999x150x150.jpg
129, Uniball Blue Ink Gel Pen,₹9.95,4.5 - 5.0,https://assets-mkpbg.gem.gov.in/img/othe/7377117/04/e0/1111.jpg.bd9ef904e0.999x150x150.jpg
130, rorito Blue Ink Gel Pen,₹10.00,4.5 - 5.0,https://assets-mkpbg.gem.gov.in/img/othe/3687088/0d/a1/r1.jpeg.00d5b10da1.999x150x150.jpg
131, rorito Green Ink Gel Pen,₹25.00,4.5 - 5.0,https://assets-mkpbg.gem.gov.in/img/othe/2713276/ce/0c/7.jpg.580825ce0c.999x150x150.jpg
132, LINC Black Ink Gel Pen,₹5.00,4.0 - 4.49,https://assets-mkpbg.gem.gov.in/img/othe/0012667/bd/35/4.jpg.8dd78abd35.999x150x150.jpg
133, rorito Blue Ink Gel Pen,₹5.00,4.0 - 4.49,https://assets-mkpbg.gem.gov.in/img/othe/6552237/f5/be/gelpen.jpg.b9b64ef5be.999x150x150.jpg
134, montex Blue Ink Gel Pen,₹5.00,4.5 - 5.0,https://assets-mkpbg.gem.gov.in/img/othe/8550163/0b/f3/download.jpeg.25d58c0bf3.999x150x150.jpg
135, unomax Blue Ink Gel Pen,₹5.00,4.0 - 4.49,https://assets-mkpbg.gem.gov.in/img/othe/5518684/ec/46/img20220727wa0006.jpg.6a7c70ec46.999x150x150.jpg
136, HAUSER Blue Ink Gel Pen,₹5.00,4.5 - 5.0,https://assets-mkpbg.gem.gov.in/img/othe/4060844/67/ed/hauseractivegelpen..jpeg.d333e367ed.999x150x150.jpg
137, PENTONIC Blue Ink Gel Pen,₹6.90,,https://assets-mkpbg.gem.gov.in/img/othe/7182434/b7/bd/pentonicgel.jpeg.ec8df8b7bd.999x150x150.jpg
138, ADD GEL Blue Ink Gel Pen,₹7.00,4.0 - 4.49,https://assets-mkpbg.gem.gov.in/img/othe/4518747/1e/75/ag1.jpg.a552451e75.999x150x150.jpg
139, unomax Red Ink Gel Pen,₹9.00,4.5 - 5.0,https://assets-mkpbg.gem.gov.in/img/othe/6474808/37/d6/whatsappimage20230916at6.41.42pm.jpeg.13a7b537d6.999x150x150.jpg
140, unomax Blue Ink Gel Pen,₹9.00,4.5 - 5.0,https://assets-mkpbg.gem.gov.in/img/othe/5724776/7f/24/gelrt11.png.607ffa7f24.999x150x150.jpg
141, rorito Red Ink Gel Pen,₹10.00,,https://assets-mkpbg.gem.gov.in/img/othe/2816074/66/a0/31l5ze56ml.sy3552.jpg.72fb4566a0.999x150x150.jpg
142, ADD GEL Blue Ink Gel Pen,₹10.00,4.5 - 5.0,https://assets-mkpbg.gem.gov.in/img/othe/1256562/db/60/buyaddgelachievergelpenblacksuratgujaratindiaoffikart.jpg.3dddebdb60.999x150x150.jpg
143, ADD GEL Blue Ink Gel Pen,₹10.07,4.5 - 5.0,https://assets-mkpbg.gem.gov.in/img/othe/8365662/93/3f/71il4p0lvvl.sl1500.jpg.13011b933f.999x150x150.jpg
144, unomax Blue Ink Gel Pen,₹5.00,4.5 - 5.0,https://assets-mkpbg.gem.gov.in/img/othe/0832635/9f/42/52.jpeg.2e858b9f42.999x150x150.jpg
145, Reynolds Blue Ink Gel Pen,₹5.00,4.5 - 5.0,https://assets-mkpbg.gem.gov.in/img/othe/7356272/64/e2/1.jpg.a5945364e2.999x150x150.jpg
146, LINC Black Ink Gel Pen,₹5.00,4.5 - 5.0,https://assets-mkpbg.gem.gov.in/img/othe/6250457/90/5f/lincblack1.jpg.497d83905f.999x150x150.jpg
147, HAUSER Blue Ink Gel Pen,₹5.00,4.5 - 5.0,https://assets-mkpbg.gem.gov.in/img/othe/5825641/c0/d6/hausersonicgelpen.jpg.83b5b0c0d6.999x150x150.jpg
148, unomax Blue Ink Gel Pen,₹5.00,,https://assets-mkpbg.gem.gov.in/img/othe/1104420/87/1f/21wf4vvsbsl.jpg.6bf789871f.999x150x150.jpg
149, LINC Blue Ink Gel Pen,₹5.00,4.5 - 5.0,https://assets-mkpbg.gem.gov.in/img/othe/5825641/57/aa/lincoceangelpen.png.23577c57aa.999x150x150.jpg
150, Flair Blue Ink Gel Pen,₹5.00,,https://assets-mkpbg.gem.gov.in/img/othe/9050118/98/28/q1708346178.jpg.6ef6a29828.999x150x150.jpg
151, LINC Red Ink Gel Pen,₹7.00,4.5 - 5.0,https://assets-mkpbg.gem.gov.in/img/othe/1251015/d4/fb/gelpen1.jpg.601875d4fb.999x150x150.jpg
152, Pentel Blue Ink Gel Pen,₹9.98,4.5 - 5.0,https://assets-mkpbg.gem.gov.in/img/othe/1256562/78/e4/2.jpg.19d7a178e4.999x150x150.jpg
153, ADD GEL Blue Ink Gel Pen,₹10.00,4.5 - 5.0,https://assets-mkpbg.gem.gov.in/img/othe/6084760/86/82/1.jpg.47c4d38682.999x150x150.jpg
154, Uniball Red Ink Gel Pen,₹17.00,,https://assets-mkpbg.gem.gov.in/img/othe/6761708/a0/54/333.jpg.bd34fca054.999x150x150.jpg
155, LINC Blue Ink Gel Pen,₹40.00,4.5 - 5.0,https://assets-mkpbg.gem.gov.in/img/othe/1574462/0a/72/front.jpeg.e986df0a72.999x150x150.jpg
156, PENTONIC Red Ink Gel Pen,₹5.00,4.5 - 5.0,https://assets-mkpbg.gem.gov.in/img/othe/6030251/07/4e/ppen8.jpeg.e199ae074e.999x150x150.jpg
157, Unbranded Blue Ink Gel Pen,₹5.00,4.5 - 5.0,https://assets-mkpbg.gem.gov.in/img/othe/3407755/b8/d9/gp1.jpeg.e00556b8d9.999x150x150.jpg
158, Reynolds Red Ink Gel Pen,₹5.00,4.0 - 4.49,https://assets-mkpbg.gem.gov.in/img/othe/0012667/3b/51/4.jpg.d777603b51.999x150x150.jpg
159, Luxor Blue Ink Gel Pen,₹5.00,4.5 - 5.0,https://assets-mkpbg.gem.gov.in/img/othe/2853837/96/14/134.jpg.661f1b9614.999x150x150.jpg
160, Reynolds Blue Ink Gel Pen,₹7.00,4.5 - 5.0,https://assets-mkpbg.gem.gov.in/img/othe/6250457/7e/c3/reynoldsblue1.jpg.7a79097ec3.999x150x150.jpg
161, PENTONIC Black Ink Gel Pen,₹7.79,4.0 - 4.49,https://assets-mkpbg.gem.gov.in/img/othe/8406230/be/be/pentonicgel.jpeg.ec8df8b7bd.999x120x120.jpg.a8c50ebebe.999x150x150.jpg
162, PENTONIC Blue Ink Gel Pen,₹8.00,,https://assets-mkpbg.gem.gov.in/img/othe/3227563/c8/d4/41modp1b7fl.sl1500.jpg.ee7559c8d4.999x150x150.jpg
163, Reynolds Blue Ink Gel Pen,₹8.45,4.5 - 5.0,https://assets-mkpbg.gem.gov.in/img/othe/3518218/8c/42/2.jpg.0a064c8c42.999x150x150.jpg
164, rorito Blue Ink Gel Pen,₹9.40,,https://assets-mkpbg.gem.gov.in/img/othe/1104020/60/a5/001.jpg.ea6bfe60a5.999x150x150.jpg
165, Reynolds Blue Ink Gel Pen,₹10.00,,https://assets-mkpbg.gem.gov.in/img/othe/0488443/fe/84/61au4lv7o6l.sl1500.jpg.2676b7fe84.999x150x150.jpg
166, ADD GEL Blue Ink Gel Pen,₹14.99,4.5 - 5.0,https://assets-mkpbg.gem.gov.in/img/othe/5482356/68/ac/addgelachievergelpensdl6309398752d65f8.jpg.a5e8ef68ac.999x150x150.jpg
167, HAUSER Blue Ink Gel Pen,₹15.00,4.5 - 5.0,https://assets-mkpbg.gem.gov.in/img/othe/5805548/80/c4/whatsappimage20221226at2.55.26pm.jpeg.a6b08480c4.999x150x150.jpg
168, Pilot Blue Ink Gel Pen,₹5.90,4.5 - 5.0,https://assets-mkpbg.gem.gov.in/img/othe/5482356/78/e9/luxorwhitepilotpenpacksdl13153848117afc7.jpg.31cfd778e9.999x150x150.jpg
169, Pilot Blue Ink Gel Pen,₹9.97,4.5 - 5.0,https://assets-mkpbg.gem.gov.in/img/othe/8648665/f9/6d/v5.jpg.e87010f96d.999x150x150.jpg
170, Pilot Black Ink Gel Pen,₹9.98,,https://assets-mkpbg.gem.gov.in/img/othe/1256562/cf/32/bb.jpg.277b2ecf32.999x150x150.jpg
171, Pilot Blue Ink Gel Pen,₹10.00,4.5 - 5.0,https://assets-mkpbg.gem.gov.in/img/othe/1256562/52/3c/00.5.jpg.fa9c78523c.999x150x150.jpg
172, Luxor Blue Ink Gel Pen,₹10.00,4.5 - 5.0,https://assets-mkpbg.gem.gov.in/img/othe/1256562/52/3c/luxorpilot0.5refillpen1.jpg.fa9c78523c.999x150x150.jpg
173, Pilot Blue Ink Gel Pen,₹10.00,4.5 - 5.0,https://assets-mkpbg.gem.gov.in/img/othe/1256562/52/3c/00.5.jpg.fa9c78523c.999x150x150.jpg
174, Luxor Blue Ink Gel Pen,₹13.00,4.5 - 5.0,https://assets-mkpbg.gem.gov.in/img/othe/1256562/52/3c/luxorpilot0.5refillpen1.jpg.fa9c78523c.999x150x150.jpg
175, Pilot Blue Ink Gel Pen,₹14.99,,https://assets-mkpbg.gem.gov.in/img/othe/2412051/b8/71/whatsappimage20231129at6.32.42pm.jpeg.3c3881b871.999x150x150.jpg
176, Pilot Blue Ink Gel Pen,₹15.00,4.5 - 5.0,https://assets-mkpbg.gem.gov.in/img/othe/1333037/3d/8c/vv7.jpg.2093473d8c.999x150x150.jpg
177, Pilot Black Ink Gel Pen,₹20.00,,https://assets-mkpbg.gem.gov.in/img/othe/1243808/27/9d/v7copycopy.jpg.c1555a279d.999x150x150.jpg
178, Luxar Blue Ink Gel Pen,₹30.00,4.5 - 5.0,https://assets-mkpbg.gem.gov.in/img/othe/1256562/85/7b/v7.jpg.ce5b51857b.999x150x150.jpg
179, Luxor Blue Ink Gel Pen,₹36.00,3.0 - 3.49,https://assets-mkpbg.gem.gov.in/img/othe/4034732/f9/5e/whatsappimage20221111at18.06.01.jpeg.1f0a80f95e.999x150x150.jpg
180, Luxor Blue Ink Gel Pen,₹5.00,4.0 - 4.49,https://assets-mkpbg.gem.gov.in/img/othe/1256562/92/53/luxorpilotv5bluepensdl3409724642ffe22.jpg.2cd56f9253.999x150x150.jpg
181, Unbranded Blue Ink Gel Pen,₹5.00,4.0 - 4.49,https://assets-mkpbg.gem.gov.in/img/othe/5688666/9e/52/1500x5001.jpg.0282269e52.999x150x150.jpg
182, Flair Blue Ink Gel Pen,₹5.00,4.5 - 5.0,https://assets-mkpbg.gem.gov.in/img/othe/7772807/90/61/frontview.jpg.eec2689061.999x150x150.jpg
183, Flair Red Ink Gel Pen,₹8.00,4.0 - 4.49,https://assets-mkpbg.gem.gov.in/img/othe/5156825/55/ce/31ucnypswel.sy606.jpg.b2fad355ce.999x150x150.jpg
184, rorito Blue Ink Gel Pen,₹8.72,4.0 - 4.49,https://assets-mkpbg.gem.gov.in/img/othe/0032122/14/fd/1.jpg.55272614fd.999x150x150.jpg
185, Reynolds Blue Ink Gel Pen,₹9.00,4.5 - 5.0,https://assets-mkpbg.gem.gov.in/img/othe/7356272/98/9c/1.jpg.6d13b0989c.999x150x150.jpg
186, HAUSER Blue Ink Gel Pen,₹9.95,4.5 - 5.0,https://assets-mkpbg.gem.gov.in/img/othe/7634122/db/4b/hausertech7.jpg.3f785adb4b.999x150x150.jpg
187, rorito Blue Ink Gel Pen,₹9.97,4.0 - 4.49,https://assets-mkpbg.gem.gov.in/img/othe/2713276/7a/55/1.jpg.6f5eea7a55.999x150x150.jpg
188, Pilot Blue Ink Gel Pen,₹10.00,4.5 - 5.0,https://assets-mkpbg.gem.gov.in/img/othe/0860480/04/ff/31o1mdjaqll.jpg.e83f5504ff.999x150x150.jpg
189, Pilot Blue Ink Gel Pen,₹12.99,4.5 - 5.0,https://assets-mkpbg.gem.gov.in/img/othe/1256562/52/3c/00.5.jpg.fa9c78523c.999x150x150.jpg
190, Pilot Blue Ink Gel Pen,₹16.00,4.0 - 4.49,https://assets-mkpbg.gem.gov.in/img/othe/2412051/30/9c/whatsappimage20231116at5.00.44pm.jpeg.a32093309c.999x150x150.jpg
191, Pilot Black Ink Gel Pen,₹20.00,4.0 - 4.49,https://assets-mkpbg.gem.gov.in/img/othe/1256562/cf/32/bb.jpg.277b2ecf32.999x150x150.jpg
192, Pilot Black Ink Gel Pen,₹5.00,4.0 - 4.49,https://assets-mkpbg.gem.gov.in/img/othe/0860480/34/30/download1.jpg.e9d4123430.999x150x150.jpg
193, Flair Blue Ink Gel Pen,₹5.00,4.5 - 5.0,https://assets-mkpbg.gem.gov.in/img/othe/8648665/f6/6c/gel1.jpg.160331f66c.999x150x150.jpg
194, PENTONIC Red Ink Gel Pen,₹5.00,4.0 - 4.49,https://assets-mkpbg.gem.gov.in/img/othe/5441487/34/24/pen.jpg.d109b63424.999x150x150.jpg
195, Classmate Black Ink Gel Pen,₹6.50,,https://assets-mkpbg.gem.gov.in/img/othe/8215582/1f/9f/classmate1.jpg.38b4dd1f9f.999x150x150.jpg
196, rorito Blue Ink Gel Pen,₹8.46,4.0 - 4.49,https://assets-mkpbg.gem.gov.in/img/othe/3407755/4d/74/fmgp2.jpg.fe8b604d74.999x150x150.jpg
197, Pilot Blue Ink Gel Pen,₹9.99,4.5 - 5.0,https://assets-mkpbg.gem.gov.in/img/othe/1256562/52/3c/00.5.jpg.fa9c78523c.999x150x150.jpg
198, Uniball Black Ink Gel Pen,₹10.00,4.5 - 5.0,https://assets-mkpbg.gem.gov.in/img/othe/4484477/5c/6b/gel.jpg.f2ddf0235a.999x420x420.jpg.91fec65c6b.999x150x150.jpg
199, rorito Blue Ink Gel Pen,₹10.00,4.5 - 5.0,https://assets-mkpbg.gem.gov.in/img/othe/8562060/10/e2/51j9rbyful.sl1002.jpg.77ded410e2.999x150x150.jpg
200, Flair Blue Ink Gel Pen,₹10.00,4.5 - 5.0,https://assets-mkpbg.gem.gov.in/img/othe/5482356/04/cc/a.jpg.201fe804cc.999x150x150.jpg
201, Luxor Blue Ink Gel Pen,₹16.00,4.5 - 5.0,https://assets-mkpbg.gem.gov.in/img/othe/1256562/52/3c/luxorpilot0.5refillpen1.jpg.fa9c78523c.999x150x150.jpg
202, Uniball Green Ink Gel Pen,₹17.00,4.0 - 4.49,https://assets-mkpbg.gem.gov.in/img/othe/7155535/d6/f3/green.png.2165bbd6f3.999x150x150.jpg
203, Reynolds Blue Ink Gel Pen,₹18.00,4.5 - 5.0,https://assets-mkpbg.gem.gov.in/img/othe/2153524/63/5d/gelpen.jpg.d6a168635d.999x150x150.jpg
204, WIN PENS Blue Ink Gel Pen,₹5.00,4.5 - 5.0,https://assets-mkpbg.gem.gov.in/img/othe/4642436/c4/17/whatsappimage20220908at6.02.19pmremovebgpreview.png.1c1a09c417.999x150x150.jpg
205, ADD GEL Blue Ink Gel Pen,₹5.00,4.5 - 5.0,https://assets-mkpbg.gem.gov.in/img/othe/5482356/68/ac/rf.jpg.a5e8ef68ac.999x150x150.jpg
206, unomax Blue Ink Gel Pen,₹5.00,4.5 - 5.0,https://assets-mkpbg.gem.gov.in/img/othe/1433578/94/7c/unomax1.jpg.5e9725947c.999x150x150.jpg
207, Luxor Blue Ink Gel Pen,₹6.00,4.5 - 5.0,https://assets-mkpbg.gem.gov.in/img/othe/2583316/52/fa/pen.jpg.8d3a4852fa.999x150x150.jpg
208, LINC Black Ink Gel Pen,₹7.67,4.0 - 4.49,https://assets-mkpbg.gem.gov.in/img/othe/5825641/29/9a/lincpentonicgelpen1.jpg.a10982299a.999x150x150.jpg
209, ADD GEL Blue Ink Gel Pen,₹8.50,4.5 - 5.0,https://assets-mkpbg.gem.gov.in/img/othe/1256562/db/60/buyaddgelachievergelpenblacksuratgujaratindiaoffikart.jpg.3dddebdb60.999x150x150.jpg
210, unomax Blue Ink Gel Pen,₹8.90,4.0 - 4.49,https://assets-mkpbg.gem.gov.in/img/othe/2516442/67/58/img0826.jpg.b7a18c6758.999x150x150.jpg
211, ADD GEL Blue Ink Gel Pen,₹9.00,4.5 - 5.0,https://assets-mkpbg.gem.gov.in/img/othe/1256562/31/fa/oip.jpg.f5c58931fa.999x150x150.jpg
212, Luxor Blue Ink Gel Pen,₹10.00,,https://assets-mkpbg.gem.gov.in/img/othe/1256562/52/3c/luxorpilot0.5refillpen1.jpg.fa9c78523c.999x150x150.jpg
213, ADD GEL Blue Ink Gel Pen,₹10.00,4.5 - 5.0,https://assets-mkpbg.gem.gov.in/img/othe/1256562/57/9f/oip1.jpg.354f8b579f.999x150x150.jpg
214, Uniball Blue Ink Gel Pen,₹10.00,4.5 - 5.0,https://assets-mkpbg.gem.gov.in/img/othe/2671185/72/4f/gp1.jpg.24fe24724f.999x150x150.jpg
215, ADD GEL Blue Ink Gel Pen,₹10.00,4.0 - 4.49,https://assets-mkpbg.gem.gov.in/img/othe/3878347/ce/6a/ag1.jpg.0f2076ce6a.999x150x150.jpg
216, rorito Black Ink Gel Pen,₹5.00,,https://assets-mkpbg.gem.gov.in/img/othe/2713276/d9/5b/4.jpg.2f2df4d95b.999x150x150.jpg
217, Unbranded Black Ink Gel Pen,₹5.00,,https://assets-mkpbg.gem.gov.in/img/othe/5431345/43/6a/blackpen1.jpg.759c70436a.999x150x150.jpg
218, Natraj Blue Ink Gel Pen,₹5.00,4.5 - 5.0,https://assets-mkpbg.gem.gov.in/img/othe/7200420/76/c0/mrp.jpeg.27f43e76c0.999x150x150.jpg
219, Reynolds Blue Ink Gel Pen,₹5.20,4.0 - 4.49,https://assets-mkpbg.gem.gov.in/img/othe/2713276/87/bd/101.jpg.84035487bd.999x150x150.jpg
220, LINC Blue Ink Gel Pen,₹5.28,4.5 - 5.0,https://assets-mkpbg.gem.gov.in/img/othe/7350124/29/9a/link1.jpg.a10982299a.999x150x150.jpg
221, PENTONIC Red Ink Gel Pen,₹7.00,4.0 - 4.49,https://assets-mkpbg.gem.gov.in/img/othe/6474808/b2/b3/whatsappimage20230917at1.19.16pm.jpeg.d96c0db2b3.999x150x150.jpg
222, Flair Blue Ink Gel Pen,₹9.50,4.5 - 5.0,https://assets-mkpbg.gem.gov.in/img/othe/5446774/4f/b7/pencopy2.jpg.b5801d4fb7.999x150x150.jpg
223, ADD GEL Black Ink Gel Pen,₹10.00,4.0 - 4.49,https://assets-mkpbg.gem.gov.in/img/othe/1256562/4d/d5/addgelachievergelpensdl630939875167576.jpg.3b174c4dd5.999x150x150.jpg
224, LINC Black Ink Gel Pen,₹10.00,4.5 - 5.0,https://assets-mkpbg.gem.gov.in/img/othe/7628203/e0/a1/2.jpeg.c68685e0a1.999x150x150.jpg
225, rorito Green Ink Gel Pen,₹12.00,4.5 - 5.0,https://assets-mkpbg.gem.gov.in/img/othe/3072520/57/e7/roritogelgreen.jpg.4c454957e7.999x150x150.jpg
226, ADD GEL Blue Ink Gel Pen,₹30.00,4.5 - 5.0,https://assets-mkpbg.gem.gov.in/img/othe/3582401/71/7b/img20221019133438.jpg.dcb7ec717b.999x150x150.jpg
227, Uniball Blue Ink Gel Pen,₹45.00,4.5 - 5.0,https://assets-mkpbg.gem.gov.in/img/othe/7178462/63/b2/unigelimpactbluepic1.jpeg.8488c163b2.999x150x150.jpg
228, Reynolds Blue Ink Gel Pen,₹5.00,4.5 - 5.0,https://assets-mkpbg.gem.gov.in/img/othe/0012667/32/b1/1.jpg.3e016a32b1.999x150x150.jpg
229, Natraj Blue Ink Gel Pen,₹5.00,4.0 - 4.49,https://assets-mkpbg.gem.gov.in/img/othe/3003234/18/27/midn.png.ac1f641827.999x150x150.jpg
230, Pentel Blue Ink Gel Pen,₹5.00,4.0 - 4.49,https://assets-mkpbg.gem.gov.in/img/othe/1256562/78/e4/3.jpg.19d7a178e4.999x150x150.jpg
231, classmate octane  Blue Ink Gel Pen,₹6.99,4.5 - 5.0,https://assets-mkpbg.gem.gov.in/img/othe/6250457/f7/28/octanegelblue1.jpg.d48b94f728.999x150x150.jpg
232, Flair Blue Ink Gel Pen,₹9.80,4.5 - 5.0,https://assets-mkpbg.gem.gov.in/img/othe/8652621/ff/33/bolt.png.59f660ff33.999x150x150.jpg
233, rorito Blue Ink Gel Pen,₹9.97,,https://assets-mkpbg.gem.gov.in/img/othe/0832635/93/2b/19.jpeg.512ab6932b.999x150x150.jpg
234, Luxor Blue Ink Gel Pen,₹10.00,4.5 - 5.0,https://assets-mkpbg.gem.gov.in/img/othe/5482356/78/e9/luxorwhitepilotpenpacksdl13153848117afc7.jpg.31cfd778e9.999x150x150.jpg
235, Pilot Blue Ink Gel Pen,₹10.00,4.5 - 5.0,https://assets-mkpbg.gem.gov.in/img/othe/6115705/a3/2a/pen1.png.54e0baa32a.999x150x150.jpg
236, Pilot Blue Ink Gel Pen,₹10.00,4.5 - 5.0,https://assets-mkpbg.gem.gov.in/img/othe/8833113/bf/a8/v10.jpg.3edc8cbfa8.999x150x150.jpg
237, Pilot Green Ink Gel Pen,₹10.00,4.5 - 5.0,https://assets-mkpbg.gem.gov.in/img/othe/5482356/78/e9/luxorwhitepilotpenpacksdl13153848117afc7.jpg.31cfd778e9.999x150x150.jpg
238, Pentel Blue Ink Gel Pen,₹10.00,4.5 - 5.0,https://assets-mkpbg.gem.gov.in/img/othe/1256562/78/e4/2.jpg.19d7a178e4.999x150x150.jpg
239, ADD GEL Blue Ink Gel Pen,₹14.00,4.5 - 5.0,https://assets-mkpbg.gem.gov.in/img/othe/7377117/06/53/pen2.jpg.6531050653.999x150x150.jpg
240, Pentel Black Ink Gel Pen,₹5.00,4.5 - 5.0,https://assets-mkpbg.gem.gov.in/img/othe/5482356/3d/e9/nn.jpg.572e953de9.999x150x150.jpg
241, Luxor Green Ink Gel Pen,₹7.50,4.5 - 5.0,https://assets-mkpbg.gem.gov.in/img/othe/3617070/0c/0c/img20230526211023.jpg.3418c70c0c.999x150x150.jpg
242, ADD GEL Blue Ink Gel Pen,₹9.80,3.5 - 3.99,https://assets-mkpbg.gem.gov.in/img/othe/4230644/06/53/addgel3.jpg.6531050653.999x150x150.jpg
243, Pilot Blue Ink Gel Pen,₹9.90,4.5 - 5.0,https://assets-mkpbg.gem.gov.in/img/othe/7178462/8b/a2/pilotv7penpic1.jpeg.8532058ba2.999x150x150.jpg
244, LINC Blue Ink Gel Pen,₹9.95,4.5 - 5.0,https://assets-mkpbg.gem.gov.in/img/othe/3518218/e0/a1/2.jpeg.c68685e0a1.999x150x150.jpg
245, ADD GEL Black Ink Gel Pen,₹10.00,4.0 - 4.49,https://assets-mkpbg.gem.gov.in/img/othe/3435303/09/c0/addgelpenphoto.jpg.56945709c0.999x150x150.jpg
246, National Blue Ink Gel Pen,₹10.00,4.5 - 5.0,https://assets-mkpbg.gem.gov.in/img/othe/7705632/91/d2/11copy2.jpg.e556c791d2.999x150x150.jpg
247, ADD GEL Blue Ink Gel Pen,₹10.00,4.0 - 4.49,https://assets-mkpbg.gem.gov.in/img/othe/2153524/6e/79/addgelpen1.jpg.e0f9eb6e79.999x150x150.jpg
248, Luxor Black Ink Gel Pen,₹12.00,4.5 - 5.0,https://assets-mkpbg.gem.gov.in/img/othe/1256562/cf/32/bb.jpg.277b2ecf32.999x150x150.jpg
249, ADD GEL Blue Ink Gel Pen,₹20.00,4.5 - 5.0,https://assets-mkpbg.gem.gov.in/img/othe/2520661/26/e7/imaesmr4fnzejxgq.jpg.f3046326e7.999x150x150.jpg
250, Pilot Blue Ink Gel Pen,₹20.00,4.0 - 4.49,https://assets-mkpbg.gem.gov.in/img/othe/1461715/f6/f3/gh.jpg.1bb172f6f3.999x150x150.jpg
251, Luxor Blue Ink Gel Pen,₹35.00,4.0 - 4.49,https://assets-mkpbg.gem.gov.in/img/othe/7352054/1e/79/img2022072700140201.jpg.48cf0b1e79.999x150x150.jpg
252, HAUSER Blue Ink Gel Pen,₹9.00,4.0 - 4.49,https://assets-mkpbg.gem.gov.in/img/othe/2153524/3f/de/gelpen1.jpg.0da6fa3fde.999x150x150.jpg
253, ADD GEL Blue Ink Gel Pen,₹9.00,4.5 - 5.0,https://assets-mkpbg.gem.gov.in/img/othe/7103682/c9/33/adgel.jpg.092635c933.999x150x150.jpg
254, HAUSER Red Ink Gel Pen,₹9.00,4.0 - 4.49,https://assets-mkpbg.gem.gov.in/img/othe/0012667/6f/9a/9.jpg.d26ee66f9a.999x150x150.jpg
255, ADD GEL Blue Ink Gel Pen,₹9.99,4.0 - 4.49,https://assets-mkpbg.gem.gov.in/img/othe/8446381/86/82/gel.jpg.b35f781fad.999x420x420.jpg.47c4d38682.999x150x150.jpg
256, Reynolds Blue Ink Gel Pen,₹10.00,4.5 - 5.0,https://assets-mkpbg.gem.gov.in/img/othe/7378755/f4/dd/pic1.jpg.b584c3f4dd.999x150x150.jpg
257, Reynolds Blue Ink Gel Pen,₹10.00,4.0 - 4.49,https://assets-mkpbg.gem.gov.in/img/othe/7628203/89/8f/img20230306101459copy.jpg.0e8f36898f.999x150x150.jpg
258, Luxor Blue Ink Gel Pen,₹10.00,4.5 - 5.0,https://assets-mkpbg.gem.gov.in/img/othe/1256562/52/3c/luxorpilot0.5refillpen1.jpg.fa9c78523c.999x150x150.jpg
259, Pilot Blue Ink Gel Pen,₹10.00,4.0 - 4.49,https://assets-mkpbg.gem.gov.in/img/othe/1256562/52/3c/00.5.jpg.fa9c78523c.999x150x150.jpg
260, TRIMAX Blue Ink Gel Pen,₹12.00,4.5 - 5.0,https://assets-mkpbg.gem.gov.in/img/othe/7356272/22/c0/images1.jpg.cdb31122c0.999x150x150.jpg
261, ADD GEL Red Ink Gel Pen,₹14.50,4.0 - 4.49,https://assets-mkpbg.gem.gov.in/img/othe/1256562/65/14/reed.jpg.12f1756514.999x150x150.jpg
262, ADD GEL Blue Ink Gel Pen,₹44.88,4.5 - 5.0,https://assets-mkpbg.gem.gov.in/img/othe/5334075/9f/65/z1.jpg.69688e9f65.999x150x150.jpg
263, Luxar Blue Ink Gel Pen,₹72.00,,https://assets-mkpbg.gem.gov.in/img/othe/1461715/7b/0b/selk.jpg.9038c27b0b.999x150x150.jpg
264, Natraj Blue Ink Gel Pen,₹5.00,4.5 - 5.0,https://assets-mkpbg.gem.gov.in/img/othe/5675475/e0/a0/gelix1.jpg.b13e29e0a0.999x150x150.jpg
265, HAUSER Blue Ink Gel Pen,₹6.50,4.0 - 4.49,https://assets-mkpbg.gem.gov.in/img/othe/5122273/11/dd/20230103190645.jpg.a48fd311dd.999x150x150.jpg
266, rorito Blue Ink Gel Pen,₹8.00,4.5 - 5.0,https://assets-mkpbg.gem.gov.in/img/othe/3582401/8b/9b/1.jpeg.2c49258b9b.999x150x150.jpg
267, Reynolds Blue Ink Gel Pen,₹8.99,4.0 - 4.49,https://assets-mkpbg.gem.gov.in/img/othe/5334075/a3/74/j1.jpg.5da418a374.999x150x150.jpg
268, ADD GEL Blue Ink Gel Pen,₹9.99,4.5 - 5.0,https://assets-mkpbg.gem.gov.in/img/othe/0247644/61/d0/addgelachiver.jpg.2beba21c1e.999x420x4202.jpg.ae03a861d0.999x150x150.jpg
269, HI TECHPOINT BY NGS Blue Ink Gel Pen,₹9.99,4.5 - 5.0,https://assets-mkpbg.gem.gov.in/img/othe/4477666/c2/ce/v101.jpg.215c07c2ce.999x150x150.jpg
270, ADD GEL Black Ink Gel Pen,₹10.00,,https://assets-mkpbg.gem.gov.in/img/othe/7398985/7e/14/add.png.6463fe7e14.999x150x150.jpg
271, Uniball Blue Ink Gel Pen,₹10.00,4.5 - 5.0,https://assets-mkpbg.gem.gov.in/img/othe/2853837/88/89/128.jpg.7967ac8889.999x150x150.jpg
272, Pilot Black Ink Gel Pen,₹15.00,4.5 - 5.0,https://assets-mkpbg.gem.gov.in/img/othe/8446381/42/a6/pilotpen.jpg.0de14a42a6.999x150x150.jpg
273, Pilot Blue Ink Gel Pen,₹20.00,4.5 - 5.0,https://assets-mkpbg.gem.gov.in/img/othe/1461715/68/ec/vb.jpg.43c2ff68ec.999x150x150.jpg
274, Reynolds Blue Ink Gel Pen,₹25.00,4.0 - 4.49,https://assets-mkpbg.gem.gov.in/img/othe/2772654/a4/e9/reynolds1.jpg.df5d64a4e9.999x150x150.jpg
275, ADD GEL Blue Ink Gel Pen,₹50.00,4.0 - 4.49,https://assets-mkpbg.gem.gov.in/img/othe/2256712/1c/1e/addgelachiver.jpg.2beba21c1e.999x150x150.jpg
276, Reynolds Blue Ink Gel Pen,₹5.00,4.0 - 4.49,https://assets-mkpbg.gem.gov.in/img/othe/4737740/07/d0/reynoldjiffygelblue3.jpg.e71b2407d0.999x150x150.jpg
277, Flair Blue Ink Gel Pen,₹6.00,4.5 - 5.0,https://assets-mkpbg.gem.gov.in/img/othe/7767337/ea/0e/313pheskkbl.jpg.7d0e56ea0e.999x150x150.jpg
278, Unbranded Blue Ink Gel Pen,₹7.50,4.0 - 4.49,https://assets-mkpbg.gem.gov.in/img/othe/3005146/b1/a4/image1copy2.jpg.c810beb1a4.999x150x150.jpg
279, montex Blue Ink Gel Pen,₹8.49,4.0 - 4.49,https://assets-mkpbg.gem.gov.in/img/othe/5373647/86/6a/w1.jpg.6c74b7866a.999x150x150.jpg
280, unomax Blue Ink Gel Pen,₹9.00,4.5 - 5.0,https://assets-mkpbg.gem.gov.in/img/othe/6474808/b7/f3/whatsappimage20230916at7.06.42pm.jpeg.590ec3b7f3.999x150x150.jpg
281, Uniball Blue Ink Gel Pen,₹9.00,4.5 - 5.0,https://assets-mkpbg.gem.gov.in/img/othe/6578065/45/14/pen1.jpg.433ba74514.999x150x150.jpg
282, Pentel Black Ink Gel Pen,₹9.90,4.5 - 5.0,https://assets-mkpbg.gem.gov.in/img/othe/5482356/3d/e9/az.jpg.572e953de9.999x150x150.jpg
283, Uniball Black Ink Gel Pen,₹9.98,3.5 - 3.99,https://assets-mkpbg.gem.gov.in/img/othe/6425082/ed/4e/penimage1.jpeg.4c0a8bed4e.999x150x150.jpg
284, Luxor Blue Ink Gel Pen,₹9.99,4.5 - 5.0,https://assets-mkpbg.gem.gov.in/img/othe/2853837/50/b1/125.jpg.627f5b50b1.999x150x150.jpg
285, Pilot Blue Ink Gel Pen,₹10.00,4.5 - 5.0,https://assets-mkpbg.gem.gov.in/img/othe/4303542/a4/98/7c12.jpeg.2d9fefa498.999x150x150.jpg
286, Pilot Blue Ink Gel Pen,₹10.10,4.5 - 5.0,https://assets-mkpbg.gem.gov.in/img/othe/7356272/aa/aa/1.jpg.580f0eaaaa.999x150x150.jpg
287, Pilot Blue Ink Gel Pen,₹30.00,3.5 - 3.99,https://assets-mkpbg.gem.gov.in/img/othe/8648665/85/cb/v7.jpg.1eacf785cb.999x150x150.jpg
288, Unbranded Blue Ink Gel Pen,₹5.00,4.5 - 5.0,https://assets-mkpbg.gem.gov.in/img/othe/7377117/72/fb/gelpen1.jpg.4704aa72fb.999x150x150.jpg
289, Reynolds Blue Ink Gel Pen,₹5.00,4.5 - 5.0,https://assets-mkpbg.gem.gov.in/img/othe/3072520/2e/7b/racergelpen12.jpg.1dc20f2e7b.999x150x150.jpg
290, ADD GEL Black Ink Gel Pen,₹5.00,4.5 - 5.0,https://assets-mkpbg.gem.gov.in/img/othe/1256562/4d/d5/addgelachievergelpensdl630939875167576.jpg.3b174c4dd5.999x150x150.jpg
291, Reynolds Blue Ink Gel Pen,₹7.00,4.5 - 5.0,https://assets-mkpbg.gem.gov.in/img/othe/7356272/82/e3/1.jpg.367df382e3.999x150x150.jpg
292, Pilot Blue Ink Gel Pen,₹8.00,4.5 - 5.0,https://assets-mkpbg.gem.gov.in/img/othe/7377117/e4/5d/pilotv7pen1.jpg.a3af65e45d.999x150x150.jpg
293, HAUSER Black Ink Gel Pen,₹8.79,4.0 - 4.49,https://assets-mkpbg.gem.gov.in/img/othe/3812512/52/5f/4.jpg.08ad1ab5a5.999x420x420copy2.jpg.94ee87525f.999x150x150.jpg
294, Flair Blue Ink Gel Pen,₹9.50,4.5 - 5.0,https://assets-mkpbg.gem.gov.in/img/othe/5482356/19/cb/v2gelpen.png.bc567219cb.999x150x150.jpg
295, ELKOS Blue Ink Gel Pen,₹10.00,4.5 - 5.0,https://assets-mkpbg.gem.gov.in/img/othe/3734308/5d/ec/velogelpen262w250.jpg.467cae5dec.999x150x150.jpg
296, Luxor Blue Ink Gel Pen,₹10.00,4.5 - 5.0,https://assets-mkpbg.gem.gov.in/img/othe/8170022/c6/c6/d3.jpg.e14f0ac6c6.999x150x150.jpg
297, Reynolds Blue Ink Gel Pen,₹10.00,4.5 - 5.0,https://assets-mkpbg.gem.gov.in/img/othe/5354650/de/35/61h5zzqa1l.sl15001copy.jpg.2d54ecde35.999x150x150.jpg
298, Reynolds Black Ink Gel Pen,₹25.00,4.5 - 5.0,https://assets-mkpbg.gem.gov.in/img/othe/0567534/95/5e/qqqqq.jpg.0f44ef955e.999x150x150.jpg
299, Uniball Blue Ink Gel Pen,₹65.00,4.5 - 5.0,https://assets-mkpbg.gem.gov.in/img/othe/7338108/03/42/141.jpg.2198fa0342.999x150x150.jpg
300, Classmate Blue Ink Gel Pen,₹5.00,3.0 - 3.49,https://assets-mkpbg.gem.gov.in/img/othe/2423215/3a/91/gpbl1.png.f36e373a91.999x150x150.jpg
301, Reynolds Blue Ink Gel Pen,₹6.00,4.5 - 5.0,https://assets-mkpbg.gem.gov.in/img/othe/0012667/85/10/81.jpg.371ffa8510.999x150x150.jpg
302, Reynolds Red Ink Gel Pen,₹8.00,4.5 - 5.0,https://assets-mkpbg.gem.gov.in/img/othe/2713276/62/16/107.jpg.2f4ad76216.999x150x150.jpg
303, HAUSER Blue Ink Gel Pen,₹8.99,4.5 - 5.0,https://assets-mkpbg.gem.gov.in/img/othe/3687088/38/5a/h1.jpeg.5d4871385a.999x150x150.jpg
304, Reynolds Green Ink Gel Pen,₹9.60,4.5 - 5.0,https://assets-mkpbg.gem.gov.in/img/othe/0012667/05/5c/90.jpg.b36d4d055c.999x150x150.jpg
305, ADD GEL Blue Ink Gel Pen,₹10.00,4.5 - 5.0,https://assets-mkpbg.gem.gov.in/img/othe/1256562/31/fa/oip.jpg.f5c58931fa.999x150x150.jpg
306, Pilot Blue Ink Gel Pen,₹10.00,4.5 - 5.0,https://assets-mkpbg.gem.gov.in/img/othe/1466251/27/25/9.jpg.41fe842725.999x150x150.jpg
307, ADD GEL Red Ink Gel Pen,₹19.00,4.5 - 5.0,https://assets-mkpbg.gem.gov.in/img/othe/1256562/ac/55/oip4.jpg.cc6902ac55.999x150x150.jpg
308, Pilot Blue Ink Gel Pen,₹30.00,4.0 - 4.49,https://assets-mkpbg.gem.gov.in/img/othe/7338108/32/d2/116.jpg.3bb2f332d2.999x150x150.jpg
309, Pilot Green Ink Gel Pen,₹30.00,,https://assets-mkpbg.gem.gov.in/img/othe/3518218/21/a9/1copy2.jpeg.efb9ba21a9.999x150x150.jpg
310, Pilot Blue Ink Gel Pen,₹30.00,4.0 - 4.49,https://assets-mkpbg.gem.gov.in/img/othe/1461715/8f/20/ae.jpg.ffaee68f20.999x150x150.jpg
311, ADD GEL Blue Ink Gel Pen,₹39.30,4.5 - 5.0,https://assets-mkpbg.gem.gov.in/img/othe/5482356/68/ac/rt.jpg.a5e8ef68ac.999x150x150.jpg
312, Classmate Blue Ink Gel Pen,₹5.00,,https://assets-mkpbg.gem.gov.in/img/othe/6474808/a8/99/whatsappimage20230505at12.13.09pm.jpeg.5bdda9a899.999x150x150.jpg
313, rorito Blue Ink Gel Pen,₹5.00,4.0 - 4.49,https://assets-mkpbg.gem.gov.in/img/othe/4065364/f5/ae/gel.blue.pen.rortio.1.jpeg.9341b9f5ae.999x150x150.jpg
314, Pentel Blue Ink Gel Pen,₹5.00,4.5 - 5.0,https://assets-mkpbg.gem.gov.in/img/othe/5482356/3d/e9/d.jpg.572e953de9.999x150x150.jpg
315, unomax Blue Ink Gel Pen,₹6.00,4.5 - 5.0,https://assets-mkpbg.gem.gov.in/img/othe/5518684/ec/46/img20220727wa0006.jpg.6a7c70ec46.999x150x150.jpg
316, Pentel Blue Ink Gel Pen,₹8.00,4.5 - 5.0,https://assets-mkpbg.gem.gov.in/img/othe/5482356/3d/e9/v.jpg.572e953de9.999x150x150.jpg
317, Flair Blue Ink Gel Pen,₹8.00,4.5 - 5.0,https://assets-mkpbg.gem.gov.in/img/othe/5482356/04/cc/9630.jpeg.201fe804cc.999x150x150.jpg
318, kores Blue Ink Gel Pen,₹9.50,4.5 - 5.0,https://assets-mkpbg.gem.gov.in/img/othe/7500717/9c/3f/gelpenpremium1.jpg.20b6149c3f.999x150x150.jpg
319, LINC Blue Ink Gel Pen,₹9.85,4.5 - 5.0,https://assets-mkpbg.gem.gov.in/img/othe/3518218/e0/a1/2.jpeg.c68685e0a1.999x150x150.jpg
320, Flair Blue Ink Gel Pen,₹9.95,4.5 - 5.0,https://assets-mkpbg.gem.gov.in/img/othe/5482356/04/cc/123.jpg.201fe804cc.999x150x150.jpg
321, LINC Blue Ink Gel Pen,₹9.99,4.0 - 4.49,https://assets-mkpbg.gem.gov.in/img/othe/3518218/e0/a1/2.jpeg.c68685e0a1.999x150x150.jpg
322, Flair Blue Ink Gel Pen,₹10.00,4.5 - 5.0,https://assets-mkpbg.gem.gov.in/img/othe/5156825/9f/e0/sdflr0016800.png.3820d09fe0.999x150x150.jpg
323, rorito Blue Ink Gel Pen,₹25.00,,https://assets-mkpbg.gem.gov.in/img/othe/7557720/f5/0b/oo.jpg.870f91f50b.999x150x150.jpg
324, LINC Blue Ink Gel Pen,₹5.00,4.5 - 5.0,https://assets-mkpbg.gem.gov.in/img/othe/0114456/e5/c1/20220625122121.jpg.7a9140e5c1.999x150x150.jpg
325, Unbranded Red Ink Gel Pen,₹5.00,4.0 - 4.49,https://assets-mkpbg.gem.gov.in/img/othe/4047222/21/fd/gekl1.jpg.3bfa9021fd.999x150x150.jpg
326, classmate octane  Black Ink Gel Pen,₹5.00,4.5 - 5.0,https://assets-mkpbg.gem.gov.in/img/othe/6250457/ad/de/octanegelblack1.jpg.6bc9b5adde.999x150x150.jpg
327, Reynolds Green Ink Gel Pen,₹9.00,4.5 - 5.0,https://assets-mkpbg.gem.gov.in/img/othe/2713276/ec/89/110.jpg.9692a5ec89.999x150x150.jpg
328, ADD GEL Blue Ink Gel Pen,₹9.99,4.5 - 5.0,https://assets-mkpbg.gem.gov.in/img/othe/1256562/fe/c9/blue.jpg.09b9c1fec9.999x150x150.jpg
329, Pilot Blue Ink Gel Pen,₹10.00,,https://assets-mkpbg.gem.gov.in/img/othe/1111665/64/da/whatsappimage20220910at16.08.41.jpeg.abef5164da.999x150x150.jpg
330, Luxor Blue Ink Gel Pen,₹10.00,4.5 - 5.0,https://assets-mkpbg.gem.gov.in/img/othe/6462348/b7/87/v5.jpg.1abedfb787.999x150x150.jpg
331, ADD GEL Blue Ink Gel Pen,₹10.00,4.5 - 5.0,https://assets-mkpbg.gem.gov.in/img/othe/1630800/1f/fc/addgelpen1.jpg.0312171ffc.999x150x150.jpg
332, Pilot Blue Ink Gel Pen,₹14.00,4.5 - 5.0,https://assets-mkpbg.gem.gov.in/img/othe/4443285/ae/45/pen.jpg.6e0731ae45.999x150x150.jpg
333, ADD GEL Red Ink Gel Pen,₹17.00,4.0 - 4.49,https://assets-mkpbg.gem.gov.in/img/othe/1256562/4a/36/addachieverredgelpensdl014512487168384.jpg.e84ece4a36.999x150x150.jpg
334, Pilot Blue Ink Gel Pen,₹20.00,4.5 - 5.0,https://assets-mkpbg.gem.gov.in/img/othe/3451153/f4/38/pilotpenv7.jpg.b88ad9f438.999x150x150.jpg
335, Uniball Blue Ink Gel Pen,₹29.99,4.5 - 5.0,https://assets-mkpbg.gem.gov.in/img/othe/0870684/95/63/128.jpg.7967ac8889.999x420x4202.jpg.fcc14a9563.999x150x150.jpg
336, Classmate Blue Ink Gel Pen,₹5.00,,https://assets-mkpbg.gem.gov.in/img/othe/6474808/a8/99/whatsappimage20230505at12.13.09pm.jpeg.5bdda9a899.999x150x150.jpg
337, rorito Blue Ink Gel Pen,₹5.00,4.0 - 4.49,https://assets-mkpbg.gem.gov.in/img/othe/4065364/f5/ae/gel.blue.pen.rortio.1.jpeg.9341b9f5ae.999x150x150.jpg
338, Pentel Blue Ink Gel Pen,₹5.00,4.5 - 5.0,https://assets-mkpbg.gem.gov.in/img/othe/5482356/3d/e9/d.jpg.572e953de9.999x150x150.jpg
339, unomax Blue Ink Gel Pen,₹6.00,4.5 - 5.0,https://assets-mkpbg.gem.gov.in/img/othe/5518684/ec/46/img20220727wa0006.jpg.6a7c70ec46.999x150x150.jpg
340, Pentel Blue Ink Gel Pen,₹8.00,4.5 - 5.0,https://assets-mkpbg.gem.gov.in/img/othe/5482356/3d/e9/v.jpg.572e953de9.999x150x150.jpg
341, Flair Blue Ink Gel Pen,₹8.00,4.5 - 5.0,https://assets-mkpbg.gem.gov.in/img/othe/5482356/04/cc/9630.jpeg.201fe804cc.999x150x150.jpg
342, kores Blue Ink Gel Pen,₹9.50,4.5 - 5.0,https://assets-mkpbg.gem.gov.in/img/othe/7500717/9c/3f/gelpenpremium1.jpg.20b6149c3f.999x150x150.jpg
343, LINC Blue Ink Gel Pen,₹9.85,4.5 - 5.0,https://assets-mkpbg.gem.gov.in/img/othe/3518218/e0/a1/2.jpeg.c68685e0a1.999x150x150.jpg
344, Flair Blue Ink Gel Pen,₹9.95,4.5 - 5.0,https://assets-mkpbg.gem.gov.in/img/othe/5482356/04/cc/123.jpg.201fe804cc.999x150x150.jpg
345, LINC Blue Ink Gel Pen,₹9.99,4.0 - 4.49,https://assets-mkpbg.gem.gov.in/img/othe/3518218/e0/a1/2.jpeg.c68685e0a1.999x150x150.jpg
346, Flair Blue Ink Gel Pen,₹10.00,4.5 - 5.0,https://assets-mkpbg.gem.gov.in/img/othe/5156825/9f/e0/sdflr0016800.png.3820d09fe0.999x150x150.jpg
347, rorito Blue Ink Gel Pen,₹25.00,,https://assets-mkpbg.gem.gov.in/img/othe/7557720/f5/0b/oo.jpg.870f91f50b.999x150x150.jpg
348, rorito Red Ink Gel Pen,₹5.00,4.5 - 5.0,https://assets-mkpbg.gem.gov.in/img/othe/2713276/2c/ec/10.jpg.6870d42cec.999x150x150.jpg
349, Classmate Black Ink Gel Pen,₹6.10,4.5 - 5.0,https://assets-mkpbg.gem.gov.in/img/othe/3518218/37/a4/img20230721112647.jpg.9e4e6f37a4.999x150x150.jpg
350, Pilot Blue Ink Gel Pen,₹9.00,4.5 - 5.0,https://assets-mkpbg.gem.gov.in/img/othe/5223153/15/ef/pilotpen.jpg.0a429f15ef.999x150x150.jpg
351, Luxor Blue Ink Gel Pen,₹10.00,4.5 - 5.0,https://assets-mkpbg.gem.gov.in/img/othe/8268353/9e/d4/whatsappimage20220818at8.33.02pm.jpeg.a120059ed4.999x150x150.jpg
352, ADD GEL Blue Ink Gel Pen,₹10.00,,https://assets-mkpbg.gem.gov.in/img/othe/5482356/68/ac/er.jpg.a5e8ef68ac.999x150x150.jpg
353, Uniball Blue Ink Gel Pen,₹10.00,,https://assets-mkpbg.gem.gov.in/img/othe/5451455/2d/e1/unibal1.png.c6184b2de1.999x150x150.jpg
354, Luxor Blue Ink Gel Pen,₹10.00,4.5 - 5.0,https://assets-mkpbg.gem.gov.in/img/othe/1256562/52/3c/luxorpilot0.5refillpen1.jpg.fa9c78523c.999x150x150.jpg
355, Uniball Blue Ink Gel Pen,₹11.90,4.5 - 5.0,https://assets-mkpbg.gem.gov.in/img/othe/1104020/3b/99/uniballpen.jpg.3922af3b99.999x150x150.jpg
356, ADD GEL Blue Ink Gel Pen,₹12.00,4.5 - 5.0,https://assets-mkpbg.gem.gov.in/img/othe/5482356/68/ac/ed.jpg.a5e8ef68ac.999x150x150.jpg
357, ADD GEL Black Ink Gel Pen,₹19.00,4.5 - 5.0,https://assets-mkpbg.gem.gov.in/img/othe/7406626/5f/c2/gelpen..1.jfif.7a52605fc2.999x150x150.jpg
358, Luxor Red Ink Gel Pen,₹30.00,4.5 - 5.0,https://assets-mkpbg.gem.gov.in/img/othe/1256562/f5/cd/51aokngwfbl.sl1200.jpg.6c38d7f5cd.999x150x150.jpg
359, ADD GEL Blue Ink Gel Pen,₹34.70,4.0 - 4.49,https://assets-mkpbg.gem.gov.in/img/othe/1256562/57/9f/oip1.jpg.354f8b579f.999x150x150.jpg
360, LINC Blue Ink Gel Pen,₹5.00,4.5 - 5.0,https://assets-mkpbg.gem.gov.in/img/othe/0012667/5a/a1/1.jpg.dd79df5aa1.999x150x150.jpg
361, Flair Blue Ink Gel Pen,₹5.00,4.5 - 5.0,https://assets-mkpbg.gem.gov.in/img/othe/0032122/69/40/14.0.png.00526b6940.999x150x150.jpg
362, Unbranded Blue Ink Gel Pen,₹5.00,4.5 - 5.0,https://assets-mkpbg.gem.gov.in/img/othe/7476508/15/7f/20182luxorcopy2.jpg.67cb42157f.999x150x150.jpg
363, LINC Blue Ink Gel Pen,₹5.00,4.5 - 5.0,https://assets-mkpbg.gem.gov.in/img/othe/6250457/af/11/lincblue1.jpg.fbbcdfaf11.999x150x150.jpg
364, Unbranded Green Ink Gel Pen,₹5.00,4.0 - 4.49,https://assets-mkpbg.gem.gov.in/img/othe/5431345/a7/69/greenpen111.jpg.4f6a1da769.999x150x150.jpg
365, Flair Blue Ink Gel Pen,₹5.00,4.5 - 5.0,https://assets-mkpbg.gem.gov.in/img/othe/4335268/44/2c/image1.jpg.3e8144442c.999x150x150.jpg
366, Unbranded Blue Ink Gel Pen,₹5.00,4.5 - 5.0,https://assets-mkpbg.gem.gov.in/img/othe/1188468/a6/27/02.jpg.0b7548a627.999x150x150.jpg
367, Unbranded Blue Ink Gel Pen,₹5.00,4.5 - 5.0,https://assets-mkpbg.gem.gov.in/img/othe/8508137/a5/97/gelpen3copy2.jpg.a462dfa597.999x150x150.jpg
368, Reynolds Blue Ink Gel Pen,₹8.00,4.5 - 5.0,https://assets-mkpbg.gem.gov.in/img/othe/7356272/91/0f/1.jpg.f3586f910f.999x150x150.jpg
369, Pentel Green Ink Gel Pen,₹9.50,4.5 - 5.0,https://assets-mkpbg.gem.gov.in/img/othe/5482356/3d/e9/u.jpg.572e953de9.999x150x150.jpg
370, Reynolds Black Ink Gel Pen,₹9.97,4.5 - 5.0,https://assets-mkpbg.gem.gov.in/img/othe/2412051/34/cb/whatsappimage20231201at6.09.50pm.jpeg.efcc1034cb.999x150x150.jpg
371, Luxor Blue Ink Gel Pen,₹9.99,4.0 - 4.49,https://assets-mkpbg.gem.gov.in/img/othe/7338108/04/68/114.jpg.e0d6940468.999x150x150.jpg
372, Unbranded Blue Ink Gel Pen,₹5.00,4.5 - 5.0,https://assets-mkpbg.gem.gov.in/img/othe/6687572/19/d9/1500x5001.jpg.0282269e52.999x420x420copy2.jpg.cd103919d9.999x150x150.jpg
373, Luxor Blue Ink Gel Pen,₹5.00,4.0 - 4.49,https://assets-mkpbg.gem.gov.in/img/othe/8648665/ea/69/lx.jpg.ca39cfea69.999x150x150.jpg
374, Pentel Black Ink Gel Pen,₹5.00,4.5 - 5.0,https://assets-mkpbg.gem.gov.in/img/othe/5482356/3d/e9/r.jpg.572e953de9.999x150x150.jpg
375, LINC Blue Ink Gel Pen,₹7.00,4.5 - 5.0,https://assets-mkpbg.gem.gov.in/img/othe/7628203/e0/a1/2copy2.jpeg.c68685e0a1.999x150x150.jpg
376, PENTONIC Green Ink Gel Pen,₹7.64,4.0 - 4.49,https://assets-mkpbg.gem.gov.in/img/othe/8406230/be/be/pentonicgel.jpeg.ec8df8b7bd.999x120x120.jpg.a8c50ebebe.999x150x150.jpg
377, Reynolds Blue Ink Gel Pen,₹8.00,4.5 - 5.0,https://assets-mkpbg.gem.gov.in/img/othe/7356272/97/47/1.jpg.3ca2999747.999x150x150.jpg
378, Flair Blue Ink Gel Pen,₹9.00,,https://assets-mkpbg.gem.gov.in/img/othe/4468858/cf/05/flairultronixo.7pen.jpg.5d663acf05.999x150x150.jpg
379, LINC Blue Ink Gel Pen,₹9.80,4.5 - 5.0,https://assets-mkpbg.gem.gov.in/img/othe/3518218/e0/a1/2.jpeg.c68685e0a1.999x150x150.jpg
380, Pilot Blue Ink Gel Pen,₹10.00,4.5 - 5.0,https://assets-mkpbg.gem.gov.in/img/othe/1256562/52/3c/luxorpilot0.5refillpen1.jpg.fa9c78523c.999x150x150.jpg
381, Pilot Blue Ink Gel Pen,₹18.00,4.5 - 5.0,https://assets-mkpbg.gem.gov.in/img/othe/6462348/eb/e1/pilot1.jpg.5508c5ebe1.999x150x150.jpg
382, Pilot Blue Ink Gel Pen,₹35.50,4.0 - 4.49,https://assets-mkpbg.gem.gov.in/img/othe/1256562/63/a9/luxorblue.jpg.fe1cbb63a9.999x150x150.jpg
383, Pilot Blue Ink Gel Pen,₹50.00,4.5 - 5.0,https://assets-mkpbg.gem.gov.in/img/othe/3227563/a0/79/pen001.jpg.0dc3e7a079.999x150x150.jpg
384, Flair Blue Ink Gel Pen,₹5.00,4.5 - 5.0,https://assets-mkpbg.gem.gov.in/img/othe/2528155/82/ac/capture.png.aa71f5ad14.999x420x420.jpg.03fc7182ac.999x150x150.jpg
385, Reynolds Black Ink Gel Pen,₹5.00,3.5 - 3.99,https://assets-mkpbg.gem.gov.in/img/othe/7270570/0d/6a/1.jpg.e0bab50d6a.999x150x150.jpg
386, Pentel Blue Ink Gel Pen,₹5.00,4.5 - 5.0,https://assets-mkpbg.gem.gov.in/img/othe/5482356/3d/e9/ww.jpg.572e953de9.999x150x150.jpg
387, ADD GEL Black Ink Gel Pen,₹6.00,,https://assets-mkpbg.gem.gov.in/img/othe/1256562/1f/ad/gel.jpg.b35f781fad.999x150x150.jpg
388, Reynolds Blue Ink Gel Pen,₹6.70,4.0 - 4.49,https://assets-mkpbg.gem.gov.in/img/othe/7628203/89/8f/img20230306101459copy.jpg.0e8f36898f.999x150x150.jpg
389, ADD GEL Black Ink Gel Pen,₹8.00,3.5 - 3.99,https://assets-mkpbg.gem.gov.in/img/othe/2718277/37/ff/71bthxn88l.sl1500copycopy.jpg.e9849e37ff.999x150x150.jpg
390, HAUSER Blue Ink Gel Pen,₹8.00,4.0 - 4.49,https://assets-mkpbg.gem.gov.in/img/othe/0300712/f6/8b/hauser1.jpeg.ea93a0f68b.999x150x150.jpg
391, Pilot Blue Ink Gel Pen,₹10.00,4.5 - 5.0,https://assets-mkpbg.gem.gov.in/img/othe/7103682/27/9d/v7.jpg.c1555a279d.999x150x150.jpg
392, Reynolds Blue Ink Gel Pen,₹10.00,4.0 - 4.49,https://assets-mkpbg.gem.gov.in/img/othe/1037283/ba/ce/img20220727204703.jpg.670a25bace.999x150x150.jpg
393, ADD GEL Blue Ink Gel Pen,₹25.00,4.5 - 5.0,https://assets-mkpbg.gem.gov.in/img/othe/4644807/0b/59/pen.jpg.113468b5ad.999x420x420.jpg.3752f20b59.999x150x150.jpg
394, ADD GEL Blue Ink Gel Pen,₹45.50,4.0 - 4.49,https://assets-mkpbg.gem.gov.in/img/othe/4560286/f8/8c/1.jpg.ed641cf88c.999x150x150.jpg
395, Uniball Red Ink Gel Pen,₹70.00,4.0 - 4.49,https://assets-mkpbg.gem.gov.in/img/othe/7155535/60/51/red.png.1f95a36051.999x150x150.jpg
396, HAUSER Blue Ink Gel Pen,₹5.00,4.0 - 4.49,https://assets-mkpbg.gem.gov.in/img/othe/1255834/5f/15/17580mainhauser1.jpg.093a095f15.999x150x150.jpg
397, Uniball Blue Ink Gel Pen,₹5.00,4.5 - 5.0,https://assets-mkpbg.gem.gov.in/img/othe/5805548/b4/63/whatsappimage20220913at10.03.36am2.jpeg.be4126b463.999x150x150.jpg
398, Uniball Blue Ink Gel Pen,₹5.00,4.0 - 4.49,https://assets-mkpbg.gem.gov.in/img/othe/7338108/40/fa/139.jpg.54e43840fa.999x150x150.jpg
399, ADD GEL Blue Ink Gel Pen,₹9.99,4.5 - 5.0,https://assets-mkpbg.gem.gov.in/img/othe/5482356/68/ac/rt.jpg.a5e8ef68ac.999x150x150.jpg
400, TRIMAX Blue Ink Gel Pen,₹9.99,4.5 - 5.0,https://assets-mkpbg.gem.gov.in/img/othe/7356272/82/e3/19.jpg.367df382e3.999x150x150.jpg
401, Reynolds Red Ink Gel Pen,₹10.00,4.0 - 4.49,https://assets-mkpbg.gem.gov.in/img/othe/2412051/6f/04/whatsappimage20231201at6.09.52pm.jpeg.4cc5966f04.999x150x150.jpg
402, TRIMAX Blue Ink Gel Pen,₹10.00,4.5 - 5.0,https://assets-mkpbg.gem.gov.in/img/othe/5678708/39/d8/whatsappimage20240112at1.38.31pm.jpeg.63b28a39d8.999x150x150.jpg
403, ADD GEL Blue Ink Gel Pen,₹10.50,4.5 - 5.0,https://assets-mkpbg.gem.gov.in/img/othe/2601328/55/79/71il4p0lvvl.sl1500.jpg.65cc3e5579.999x150x150.jpg
404, TRIMAX Blue Ink Gel Pen,₹25.00,4.5 - 5.0,https://assets-mkpbg.gem.gov.in/img/othe/4083664/0b/e9/download.png.8ea87c0be9.999x150x150.jpg
405, Reynolds Blue Ink Gel Pen,₹30.00,4.5 - 5.0,https://assets-mkpbg.gem.gov.in/img/othe/1461715/69/ca/trimax.jpg.4edde669ca.999x150x150.jpg
406, ADD GEL Black Ink Gel Pen,₹32.00,,https://assets-mkpbg.gem.gov.in/img/othe/1256562/ad/4e/download.jpg.be923fad4e.999x150x150.jpg
407, Pilot Blue Ink Gel Pen,₹70.00,4.5 - 5.0,https://assets-mkpbg.gem.gov.in/img/othe/5455436/c8/d0/v51.jpg.42a5f7c8d0.999x150x150.jpg
408, Unbranded Blue Ink Gel Pen,₹5.00,4.5 - 5.0,https://assets-mkpbg.gem.gov.in/img/othe/6687572/13/ad/reynoldswizzdrigelpens05mmgelpenreynoldsscooboo89043794000844132611800x1800copy2.jpg.294e9c13ad.999x150x150.jpg
409, Reynolds Black Ink Gel Pen,₹5.00,4.5 - 5.0,https://assets-mkpbg.gem.gov.in/img/othe/2713276/10/5b/104.jpg.717a90105b.999x150x150.jpg
410, Reynolds Green Ink Gel Pen,₹5.00,4.0 - 4.49,https://assets-mkpbg.gem.gov.in/img/othe/0012667/29/5d/10.jpg.bdf3a8295d.999x150x150.jpg
411, rorito Black Ink Gel Pen,₹5.00,4.0 - 4.49,https://assets-mkpbg.gem.gov.in/img/othe/6250457/14/38/roritoflyblack1.jpg.f007a61438.999x150x150.jpg
412, Reynolds Blue Ink Gel Pen,₹5.95,4.5 - 5.0,https://assets-mkpbg.gem.gov.in/img/othe/1461715/92/5d/rty.jpg.10e9cc925d.999x150x150.jpg
413, Classmate Blue Ink Gel Pen,₹6.90,,https://assets-mkpbg.gem.gov.in/img/othe/6474808/a8/99/whatsappimage20230505at12.13.09pm.jpeg.5bdda9a899.999x150x150.jpg
414, Reynolds Blue Ink Gel Pen,₹9.00,4.5 - 5.0,https://assets-mkpbg.gem.gov.in/img/othe/7628203/8c/42/2.jpg.0a064c8c42.999x150x150.jpg
415, Pentel Blue Ink Gel Pen,₹9.80,4.5 - 5.0,https://assets-mkpbg.gem.gov.in/img/othe/5482356/3d/e9/fdff.jpg.572e953de9.999x150x150.jpg
416, Pilot Black Ink Gel Pen,₹9.90,,https://assets-mkpbg.gem.gov.in/img/othe/8446381/cd/e2/pilotv5blackpen.jpg.9d93619cab.999x420x420.jpg.d7514ecde2.999x150x150.jpg
417, Luxor Blue Ink Gel Pen,₹10.00,4.5 - 5.0,https://assets-mkpbg.gem.gov.in/img/othe/1256562/92/53/luxorpilotv5bluepensdl3409724642ffe22.jpg.2cd56f9253.999x150x150.jpg
418, Pilot Blue Ink Gel Pen,₹10.00,4.5 - 5.0,https://assets-mkpbg.gem.gov.in/img/othe/1256562/52/3c/00.5.jpg.fa9c78523c.999x150x150.jpg
419, Pilot Blue Ink Gel Pen,₹20.00,,https://assets-mkpbg.gem.gov.in/img/othe/6175665/a6/98/pilothitechpointv7penblue07mm.jpg.acc969a698.999x150x150.jpg
420, Pentel Blue Ink Gel Pen,₹5.00,4.5 - 5.0,https://assets-mkpbg.gem.gov.in/img/othe/1256562/78/e4/2.jpg.19d7a178e4.999x150x150.jpg
421, Unbranded Blue Ink Gel Pen,₹5.00,4.5 - 5.0,https://assets-mkpbg.gem.gov.in/img/othe/5451455/ac/be/penjpg.jpg.5bfdedacbe.999x150x150.jpg
422, Unbranded Blue Ink Gel Pen,₹5.00,4.5 - 5.0,https://assets-mkpbg.gem.gov.in/img/othe/0832635/66/e9/54.jpeg.1d121766e9.999x150x150.jpg
423, Reynolds Blue Ink Gel Pen,₹6.00,4.5 - 5.0,https://assets-mkpbg.gem.gov.in/img/othe/2412051/ee/ae/whatsappimage20231201at5.30.22pm1.jpeg.46ec43eeae.999x150x150.jpg
424, Flair Blue Ink Gel Pen,₹9.50,4.5 - 5.0,https://assets-mkpbg.gem.gov.in/img/othe/5156825/b5/e3/ultronixfineset.jpg.0bdc07b5e3.999x150x150.jpg
425, Uniball Blue Ink Gel Pen,₹9.99,4.0 - 4.49,https://assets-mkpbg.gem.gov.in/img/othe/5426642/ab/6a/3.jpg.78e9b3ab6a.999x150x150.jpg
426, Pentel Blue Ink Gel Pen,₹10.00,4.0 - 4.49,https://assets-mkpbg.gem.gov.in/img/othe/1256562/78/e4/3.jpg.19d7a178e4.999x150x150.jpg
427, Uniball Blue Ink Gel Pen,₹10.00,4.5 - 5.0,https://assets-mkpbg.gem.gov.in/img/othe/2853837/fe/ab/131.jpg.ae60befeab.999x150x150.jpg
428, Pilot Green Ink Gel Pen,₹10.00,,https://assets-mkpbg.gem.gov.in/img/othe/1766051/6f/b1/1copy.jpeg.efb9ba21a9.999x420x420.jpg.57e6176fb1.999x150x150.jpg
429, Flair Blue Ink Gel Pen,₹10.00,4.0 - 4.49,https://assets-mkpbg.gem.gov.in/img/othe/5482356/04/cc/12345.jpeg.201fe804cc.999x150x150.jpg
430, HAUSER Blue Ink Gel Pen,₹15.00,4.5 - 5.0,https://assets-mkpbg.gem.gov.in/img/othe/0860702/7d/ab/hjgp2.jpg.87fe517dab.999x150x150.jpg
431, Pilot Blue Ink Gel Pen,₹40.00,4.5 - 5.0,https://assets-mkpbg.gem.gov.in/img/othe/1654404/bf/a8/v10...jpg.3edc8cbfa8.999x150x150.jpg
432, Reynolds Black Ink Gel Pen,₹5.00,,https://assets-mkpbg.gem.gov.in/img/othe/7628203/8c/42/2.jpg.0a064c8c42.999x150x150.jpg
433, Reynolds Blue Ink Gel Pen,₹5.00,4.5 - 5.0,https://assets-mkpbg.gem.gov.in/img/othe/5576381/4d/79/img8486.jpeg.a2ce214d79.999x150x150.jpg
434, Flair Blue Ink Gel Pen,₹6.75,4.5 - 5.0,https://assets-mkpbg.gem.gov.in/img/othe/7244143/3c/d9/flairbolt.jpeg.460b7e3cd9.999x150x150.jpg
435, unomax Blue Ink Gel Pen,₹7.25,4.5 - 5.0,https://assets-mkpbg.gem.gov.in/img/othe/0860702/ec/18/um2.jpg.81a956ec18.999x150x150.jpg
436, Flair Blue Ink Gel Pen,₹8.80,4.5 - 5.0,https://assets-mkpbg.gem.gov.in/img/othe/8504862/4f/b7/pencopy2.jpg.b5801d4fb7.999x150x150.jpg
437, Luxor Blue Ink Gel Pen,₹9.00,4.5 - 5.0,https://assets-mkpbg.gem.gov.in/img/othe/7628203/21/a9/1copy2.jpeg.efb9ba21a9.999x150x150.jpg
438, Pilot Blue Ink Gel Pen,₹10.00,4.5 - 5.0,https://assets-mkpbg.gem.gov.in/img/othe/6428446/cd/5b/vcf.jpg.0a0214cd5b.999x150x150.jpg
439, Pilot Blue Ink Gel Pen,₹10.00,4.5 - 5.0,https://assets-mkpbg.gem.gov.in/img/othe/1461715/b5/c2/aw.jpg.76dc64b5c2.999x150x150.jpg
440, Luxor Blue Ink Gel Pen,₹18.00,4.0 - 4.49,https://assets-mkpbg.gem.gov.in/img/othe/8508137/70/ce/luxorpilotvcopy2.jpg.988d7470ce.999x150x150.jpg
441, ADD GEL Blue Ink Gel Pen,₹24.00,4.5 - 5.0,https://assets-mkpbg.gem.gov.in/img/othe/7270570/39/b4/1.jpg.16c53f39b4.999x150x150.jpg
442, ADD GEL Blue Ink Gel Pen,₹24.00,4.5 - 5.0,https://assets-mkpbg.gem.gov.in/img/othe/3435303/09/c0/addgelpenphoto.jpg.56945709c0.999x150x150.jpg
443, Uniball Blue Ink Gel Pen,₹30.00,4.5 - 5.0,https://assets-mkpbg.gem.gov.in/img/othe/4443285/54/0e/uniballpackage.jpg.6f3003540e.999x150x150.jpg
444, Unbranded Blue Ink Gel Pen,₹5.00,4.5 - 5.0,https://assets-mkpbg.gem.gov.in/img/othe/1532262/50/5f/gelpen1.jpg.9ef5b8505f.999x150x150.jpg
445, Pentel Blue Ink Gel Pen,₹5.00,4.5 - 5.0,https://assets-mkpbg.gem.gov.in/img/othe/5482356/3d/e9/h.jpg.572e953de9.999x150x150.jpg
446, Pentel Black Ink Gel Pen,₹5.00,4.5 - 5.0,https://assets-mkpbg.gem.gov.in/img/othe/5482356/3d/e9/uuj.jpg.572e953de9.999x150x150.jpg
447, rorito Green Ink Gel Pen,₹5.00,4.5 - 5.0,https://assets-mkpbg.gem.gov.in/img/othe/6250457/90/02/roritoflygreen1.jpg.6e9cff9002.999x150x150.jpg
448, ADD GEL Black Ink Gel Pen,₹5.00,4.5 - 5.0,https://assets-mkpbg.gem.gov.in/img/othe/4034732/cb/76/whatsappimage20221111at17.56.30.jpeg.697429cb76.999x150x150.jpg
449, ADD GEL Blue Ink Gel Pen,₹9.00,,https://assets-mkpbg.gem.gov.in/img/othe/7398985/7e/14/addgel1.png.6463fe7e14.999x150x150.jpg
450, ADD GEL Blue Ink Gel Pen,₹9.99,4.5 - 5.0,https://assets-mkpbg.gem.gov.in/img/othe/8400252/09/e9/16353main.jpg.0ff98a09e9.999x150x150.jpg
451, ADD GEL Blue Ink Gel Pen,₹10.00,4.5 - 5.0,https://assets-mkpbg.gem.gov.in/img/othe/6663275/23/e7/addgel31.jpg.84ad2623e7.999x150x150.jpg
452, ADD GEL Green Ink Gel Pen,₹10.00,4.5 - 5.0,https://assets-mkpbg.gem.gov.in/img/othe/2564255/bf/0d/addgelgreen.jpg.52631abf0d.999x150x150.jpg
453, ADD GEL Green Ink Gel Pen,₹10.00,4.5 - 5.0,https://assets-mkpbg.gem.gov.in/img/othe/2551871/5f/c2/1.jpg.7a52605fc2.999x150x150.jpg
454, ADD GEL Blue Ink Gel Pen,₹23.32,4.5 - 5.0,https://assets-mkpbg.gem.gov.in/img/othe/5373647/37/ff/achiverpen.jpg.e9849e37ff.999x150x150.jpg
455, ADD GEL Blue Ink Gel Pen,₹48.00,4.0 - 4.49,https://assets-mkpbg.gem.gov.in/img/othe/4428628/68/ac/addgelachievergelpensdl6309398752d65f8.jpg.a5e8ef68ac.999x150x150.jpg
456, Unbranded Blue Ink Gel Pen,₹5.00,4.5 - 5.0,https://assets-mkpbg.gem.gov.in/img/othe/5457711/74/23/pen2.jpeg.5825357423.999x150x150.jpg
457, Luxor Red Ink Gel Pen,₹7.50,4.5 - 5.0,https://assets-mkpbg.gem.gov.in/img/othe/1256562/1b/79/v10pen.jpg.3c0eab1b79.999x150x150.jpg
458, Reynolds Red Ink Gel Pen,₹9.50,4.0 - 4.49,https://assets-mkpbg.gem.gov.in/img/othe/3435303/54/0c/trimaxred1.jpg.543095540c.999x150x150.jpg
459, Flair Blue Ink Gel Pen,₹9.50,4.5 - 5.0,https://assets-mkpbg.gem.gov.in/img/othe/5482356/04/cc/4564.jpeg.201fe804cc.999x150x150.jpg
460, ADD GEL Blue Ink Gel Pen,₹9.95,4.5 - 5.0,https://assets-mkpbg.gem.gov.in/img/othe/1256562/11/e6/add.jpg.e45c6d11e6.999x150x150.jpg
461, Reynolds Red Ink Gel Pen,₹9.95,4.5 - 5.0,https://assets-mkpbg.gem.gov.in/img/othe/0368754/75/6a/red3.jpeg.97b7b2756a.999x150x150.jpg
462, ADD GEL Black Ink Gel Pen,₹10.00,3.5 - 3.99,https://assets-mkpbg.gem.gov.in/img/othe/7017233/e0/17/addgelblack1.jpg.78e61fe017.999x150x150.jpg
463, ADD GEL Blue Ink Gel Pen,₹10.00,4.5 - 5.0,https://assets-mkpbg.gem.gov.in/img/othe/3582401/71/7b/img20221019133438.jpg.dcb7ec717b.999x150x150.jpg
464, Uniball Blue Ink Gel Pen,₹15.00,4.5 - 5.0,https://assets-mkpbg.gem.gov.in/img/othe/3451153/f6/da/ub150.jpg.04c63cf6da.999x150x150.jpg
465, TRIMAX Blue Ink Gel Pen,₹24.00,4.5 - 5.0,https://assets-mkpbg.gem.gov.in/img/othe/7356272/63/bf/1...jpg.d531f463bf.999x150x150.jpg
466, Pilot Black Ink Gel Pen,₹30.00,4.5 - 5.0,https://assets-mkpbg.gem.gov.in/img/othe/1457166/fd/1d/pencopy2.jpeg.958117fd1d.999x150x150.jpg
467, Reynolds Black Ink Gel Pen,₹32.00,4.5 - 5.0,https://assets-mkpbg.gem.gov.in/img/othe/3518218/89/8f/img20230306101459copy.jpg.0e8f36898f.999x150x150.jpg
468, Uniball Black Ink Gel Pen,₹5.00,4.5 - 5.0,https://assets-mkpbg.gem.gov.in/img/othe/6111838/b7/08/uniballimp3.jpg.292167ceb2.999x420x420.jpg.320c9cb708.999x150x150.jpg
469, Pilot Blue Ink Gel Pen,₹5.00,4.5 - 5.0,https://assets-mkpbg.gem.gov.in/img/othe/4080587/46/3a/2.jpg.655cd1463a.999x150x150.jpg
470, Classmate Red Ink Gel Pen,₹6.89,4.5 - 5.0,https://assets-mkpbg.gem.gov.in/img/othe/2423215/a1/c7/gpr1.png.84ec02a1c7.999x150x150.jpg
471, Classmate Red Ink Gel Pen,₹7.50,4.0 - 4.49,https://assets-mkpbg.gem.gov.in/img/othe/7628203/d0/b7/img20230721112516.jpg.586a75d0b7.999x150x150.jpg
472, Reynolds Blue Ink Gel Pen,₹8.00,4.5 - 5.0,https://assets-mkpbg.gem.gov.in/img/othe/4117211/f1/ee/trimaxpen.jpg.5f7105f1ee.999x150x150.jpg
473, rorito Blue Ink Gel Pen,₹8.48,4.0 - 4.49,https://assets-mkpbg.gem.gov.in/img/othe/3407755/e9/c4/gp1.jpg.142764e9c4.999x150x150.jpg
474, HAUSER Blue Ink Gel Pen,₹9.00,4.0 - 4.49,https://assets-mkpbg.gem.gov.in/img/othe/0300712/f6/8b/hauser1.jpeg.ea93a0f68b.999x150x150.jpg
475, ADD GEL Blue Ink Gel Pen,₹9.99,4.5 - 5.0,https://assets-mkpbg.gem.gov.in/img/othe/5482356/48/34/addgelachieverpenbluesdl32509895718cdc2.jpg.cda7bc4834.999x150x150.jpg
476, ADD GEL Blue Ink Gel Pen,₹9.99,4.5 - 5.0,https://assets-mkpbg.gem.gov.in/img/othe/1256562/31/fa/oip.jpg.f5c58931fa.999x150x150.jpg
477, ADD GEL Black Ink Gel Pen,₹12.00,4.5 - 5.0,https://assets-mkpbg.gem.gov.in/img/othe/1256562/4d/d5/addgelachievergelpensdl630939875167576.jpg.3b174c4dd5.999x150x150.jpg
478, ADD GEL Blue Ink Gel Pen,₹15.00,,https://assets-mkpbg.gem.gov.in/img/othe/5482356/48/34/gh.jpg.cda7bc4834.999x150x150.jpg
479, ADD GEL Green Ink Gel Pen,₹17.00,4.5 - 5.0,https://assets-mkpbg.gem.gov.in/img/othe/8268353/0f/1c/whatsappimage20220825at9.47.30am.jpeg.9ac2390f1c.999x150x150.jpg
480, Luxor Blue Ink Gel Pen,₹5.00,4.5 - 5.0,https://assets-mkpbg.gem.gov.in/img/othe/1256562/52/3c/luxorpilot0.5refillpen1.jpg.fa9c78523c.999x150x150.jpg
481, Uniball Blue Ink Gel Pen,₹8.00,4.5 - 5.0,https://assets-mkpbg.gem.gov.in/img/othe/0807483/1b/31/20221115201439.jpg.5159ca1b31.999x150x150.jpg
482, ADD GEL Red Ink Gel Pen,₹9.00,4.5 - 5.0,https://assets-mkpbg.gem.gov.in/img/othe/1256562/49/c7/download2.jpg.183f6a49c7.999x150x150.jpg
483, ADD GEL Blue Ink Gel Pen,₹9.00,4.5 - 5.0,https://assets-mkpbg.gem.gov.in/img/othe/1256562/11/e6/add.jpg.e45c6d11e6.999x150x150.jpg
484, ADD GEL Blue Ink Gel Pen,₹9.00,4.5 - 5.0,https://assets-mkpbg.gem.gov.in/img/othe/7352054/35/e3/img20220728183112.jpg.c85ff235e3.999x150x150.jpg
485, ADD GEL Black Ink Gel Pen,₹9.40,,https://assets-mkpbg.gem.gov.in/img/othe/1256562/1f/ad/gel.jpg.b35f781fad.999x150x150.jpg
486, Reynolds Blue Ink Gel Pen,₹9.94,4.5 - 5.0,https://assets-mkpbg.gem.gov.in/img/othe/8268353/03/f2/whatsappimage20220815at9.22.40pm.jpeg.c028b703f2.999x150x150.jpg
487, Uniball Blue Ink Gel Pen,₹9.99,4.5 - 5.0,https://assets-mkpbg.gem.gov.in/img/othe/4043552/6a/80/uniballpen.jpg.6fdacb6a80.999x150x150.jpg
488, ADD GEL Black Ink Gel Pen,₹10.00,4.5 - 5.0,https://assets-mkpbg.gem.gov.in/img/othe/1256562/4d/d5/addgelachievergelpensdl630939875167576.jpg.3b174c4dd5.999x150x150.jpg
489, ADD GEL Black Ink Gel Pen,₹10.00,4.5 - 5.0,https://assets-mkpbg.gem.gov.in/img/othe/1256562/1f/ad/gel.jpg.b35f781fad.999x150x150.jpg
490, Uniball Blue Ink Gel Pen,₹10.00,4.5 - 5.0,https://assets-mkpbg.gem.gov.in/img/othe/7155535/cd/e7/uniballeyefinepen.jpg.2fa4b7cde7.999x150x150.jpg
491, Uniball Blue Ink Gel Pen,₹10.00,4.5 - 5.0,https://assets-mkpbg.gem.gov.in/img/othe/1070401/40/ab/2.jpg.ca18fc7023.999x420x4206.jpg.b50ccf40ab.999x150x150.jpg
492, Classmate Blue Ink Gel Pen,₹5.00,,https://assets-mkpbg.gem.gov.in/img/othe/6474808/a8/99/whatsappimage20230505at12.13.09pm.jpeg.5bdda9a899.999x150x150.jpg
493, rorito Blue Ink Gel Pen,₹5.00,4.0 - 4.49,https://assets-mkpbg.gem.gov.in/img/othe/4065364/f5/ae/gel.blue.pen.rortio.1.jpeg.9341b9f5ae.999x150x150.jpg
494, Pentel Blue Ink Gel Pen,₹5.00,4.5 - 5.0,https://assets-mkpbg.gem.gov.in/img/othe/5482356/3d/e9/d.jpg.572e953de9.999x150x150.jpg
495, unomax Blue Ink Gel Pen,₹6.00,4.5 - 5.0,https://assets-mkpbg.gem.gov.in/img/othe/5518684/ec/46/img20220727wa0006.jpg.6a7c70ec46.999x150x150.jpg
496, Pentel Blue Ink Gel Pen,₹8.00,4.5 - 5.0,https://assets-mkpbg.gem.gov.in/img/othe/5482356/3d/e9/v.jpg.572e953de9.999x150x150.jpg
497, Flair Blue Ink Gel Pen,₹8.00,4.5 - 5.0,https://assets-mkpbg.gem.gov.in/img/othe/5482356/04/cc/9630.jpeg.201fe804cc.999x150x150.jpg
498, kores Blue Ink Gel Pen,₹9.50,4.5 - 5.0,https://assets-mkpbg.gem.gov.in/img/othe/7500717/9c/3f/gelpenpremium1.jpg.20b6149c3f.999x150x150.jpg
499, LINC Blue Ink Gel Pen,₹9.85,4.5 - 5.0,https://assets-mkpbg.gem.gov.in/img/othe/3518218/e0/a1/2.jpeg.c68685e0a1.999x150x150.jpg
500, Flair Blue Ink Gel Pen,₹9.95,4.5 - 5.0,https://assets-mkpbg.gem.gov.in/img/othe/5482356/04/cc/123.jpg.201fe804cc.999x150x150.jpg
501, LINC Blue Ink Gel Pen,₹9.99,4.0 - 4.49,https://assets-mkpbg.gem.gov.in/img/othe/3518218/e0/a1/2.jpeg.c68685e0a1.999x150x150.jpg
502, Flair Blue Ink Gel Pen,₹10.00,4.5 - 5.0,https://assets-mkpbg.gem.gov.in/img/othe/5156825/9f/e0/sdflr0016800.png.3820d09fe0.999x150x150.jpg
503, rorito Blue Ink Gel Pen,₹25.00,,https://assets-mkpbg.gem.gov.in/img/othe/7557720/f5/0b/oo.jpg.870f91f50b.999x150x150.jpg
504, ADD GEL Blue Ink Gel Pen,₹33.75,4.5 - 5.0,https://assets-mkpbg.gem.gov.in/img/othe/4443285/66/80/addgel2.jpg.951c176680.999x150x150.jpg
505, ADD GEL Blue Ink Gel Pen,₹33.75,4.5 - 5.0,https://assets-mkpbg.gem.gov.in/img/othe/1256562/11/e6/add.jpg.e45c6d11e6.999x150x150.jpg
506, ADD GEL Blue Ink Gel Pen,₹33.76,4.5 - 5.0,https://assets-mkpbg.gem.gov.in/img/othe/6571318/c9/52/achiever.jpg.829570c952.999x150x150.jpg
507, ADD GEL Blue Ink Gel Pen,₹33.76,4.5 - 5.0,https://assets-mkpbg.gem.gov.in/img/othe/2102572/40/7e/41c0wy9syql.sl10001.jpg.750f70407e.999x150x150.jpg
508, ADD GEL Blue Ink Gel Pen,₹33.77,4.0 - 4.49,https://assets-mkpbg.gem.gov.in/img/othe/4443285/b5/ad/pen.jpg.113468b5ad.999x150x150.jpg
509, Reynolds Green Ink Gel Pen,₹34.49,4.0 - 4.49,https://assets-mkpbg.gem.gov.in/img/othe/0368754/80/ec/111.jpg.80765980ec.999x150x150.jpg
510, Pilot Black Ink Gel Pen,₹35.47,4.0 - 4.49,https://assets-mkpbg.gem.gov.in/img/othe/5482356/18/8c/pilotpen0.5blacksetof5.jpg.59841d188c.999x150x150.jpg
511, Pilot Blue Ink Gel Pen,₹37.45,4.0 - 4.49,https://assets-mkpbg.gem.gov.in/img/othe/5482356/78/e9/luxorwhitepilotpenpacksdl13153848117afc7.jpg.31cfd778e9.999x150x150.jpg
512, Pilot Blue Ink Gel Pen,₹37.63,4.0 - 4.49,https://assets-mkpbg.gem.gov.in/img/othe/1256562/52/3c/00.5.jpg.fa9c78523c.999x150x150.jpg
513, Luxor Blue Ink Gel Pen,₹37.64,4.0 - 4.49,https://assets-mkpbg.gem.gov.in/img/othe/1256562/52/3c/luxorpilot0.5refillpen1.jpg.fa9c78523c.999x150x150.jpg
514, Uniball Black Ink Gel Pen,₹50.00,4.5 - 5.0,https://assets-mkpbg.gem.gov.in/img/othe/6663275/ce/b2/uniballimp3.jpg.292167ceb2.999x150x150.jpg
515, Pilot Green Ink Gel Pen,₹70.00,4.0 - 4.49,https://assets-mkpbg.gem.gov.in/img/othe/1256562/74/53/v10gg.jpg.7a95817453.999x150x150.jpg
